Title,Date of release,Duration,Genre
duck the halls: a mickey mouse christmas special,2016,23 min,"Animation, Family"
ernest saves christmas,1988,91 min,Comedy
ice age: a mammoth christmas,2011,23 min,"Animation, Comedy, Family"
the queen family singalong,2021,41 min,Musical
the beatles: get back,2021,1 Season,"Docuseries, Historical, Music"
becoming cousteau,2021,94 min,"Biographical, Documentary"
hawkeye,2021,1 Season,"Action-Adventure, Superhero"
port protection alaska,2015,2 Seasons,"Docuseries, Reality, Survival"
secrets of the zoo: tampa,2019,2 Seasons,"Animals & Nature, Docuseries, Family"
a muppets christmas: letters to santa,2008,45 min,"Comedy, Family, Musical"
adventure thru the walt disney archives,2020,59 min,Documentary
puppy for hanukkah,2020,4 min,"Comedy, Family, Music"
the pixar story,2007,91 min,"Documentary, Family"
"dr. oakley, yukon vet",2013,10 Seasons,"Action-Adventure, Animals & Nature, Docuseries"
america the beautiful,2021,2 min,Animals & Nature
baymax!,2021,1 min,Animation
ciao alberto,2021,8 min,"Animation, Comedy, Family"
disney fancy nancy,2018,3 Seasons,"Animation, Kids"
disney intertwined,2021,1 Season,"Comedy, Coming of Age, Drama"
enchanted,2007,110 min,"Comedy, Family, Fantasy"
feast,2014,8 min,"Animation, Comedy, Drama"
frozen fever,2015,11 min,"Animation, Family, Fantasy"
get a horse!,2013,7 min,"Action-Adventure, Animation, Comedy"
home sweet home alone,2021,95 min,"Comedy, Family"
jungle cruise,2021,129 min,"Action-Adventure, Comedy, Family"
limitless with chris hemsworth,2021,2 min,Lifestyle
marvel studiosâ 2021 disney+ day special,2021,14 min,Movies
obi-wan kenobi,2021,1 min,"Action-Adventure, Science Fiction"
olaf presents,2021,1 Season,"Animation, Family"
paperman,2012,7 min,"Animation, Comedy, Family"
pixar 2021 disney+ day special,2021,5 min,Movies
shang-chi and the legend of the ten rings,2021,134 min,"Action-Adventure, Fantasy, Superhero"
spin,2021,94 min,"Coming of Age, Music"
tangled ever after,2012,9 min,"Animation, Family"
the ballad of nessie,2011,8 min,"Animation, Family, Fantasy"
the little matchgirl,2006,7 min,"Animation, Drama"
the making of happier than ever: a love letter to los angeles,2021,30 min,"Concert Film, Music"
the proud family: louder and prouder,2021,1 min,"Animation, Comedy, Coming of Age"
the simpsons in plusaversary,2021,6 min,"Animation, Comedy"
tick tock tale,2010,6 min,"Animation, Crime, Family"
under the helmet: the legacy of boba fett,2021,22 min,Science Fiction
willow,2021,3 min,"Action-Adventure, Fantasy"
alvin and the chipmunks: chipwrecked,2011,87 min,"Comedy, Family, Music"
jingle all the way,1996,90 min,"Comedy, Family"
jingle all the way 2,2014,91 min,"Comedy, Family"
prep & landing: operation secret santa,2010,8 min,"Animation, Family, Fantasy"
santa buddies: the legend of santa paws,2009,93 min,"Comedy, Fantasy, Kids"
snow buddies,2008,91 min,"Action-Adventure, Comedy, Kids"
space buddies,2009,87 min,"Action-Adventure, Comedy, Kids"
the search for santa paws,2010,101 min,"Drama, Family, Fantasy"
x-men: first class,2011,132 min,"Action-Adventure, Science Fiction, Superhero"
disney amphibia,2018,3 Seasons,"Animation, Comedy, Family"
photo ark,2017,1 Season,"Animals & Nature, Docuseries, Family"
storm rising,2021,1 Season,"Action-Adventure, Animals & Nature, Docuseries"
bob ballard: an explorer's life,2021,44 min,"Biographical, Documentary"
"mcfarland, usa",2015,131 min,"Drama, Sports"
rookie of the year,1993,104 min,"Comedy, Family, Sports"
thumbelina,1994,87 min,"Animation, Family, Fantasy"
pj masks,2015,5 Seasons,"Action-Adventure, Animation, Kids"
the wild life of dr. ole,2021,1 Season,"Animals & Nature, Reality"
lost cities with albert lin: the great flood,2021,44 min,"Documentary, Historical"
megacity of the maya warriors,2021,44 min,Documentary
apollo: back to the moon,2019,1 Season,"Docuseries, Historical"
just beyond,2021,1 Season,"Anthology, Comedy, Coming of Age"
secrets of the zoo: down under,2020,2 Seasons,"Animals & Nature, Docuseries, Family"
secrets of the zoo: north carolina,2020,1 Season,Reality
the wizard of paws,2021,1 Season,"Animals & Nature, Docuseries, Medical"
zombies: addison's moonstone mystery,2020,1 Season,"Animation, Coming of Age, Fantasy"
just roll with it: you decide live!,2019,52 min,Comedy
mickey's tale of two witches,2021,47 min,"Animation, Family, Fantasy"
muppets haunted mansion,2021,53 min,"Comedy, Family, Musical"
the most magical story on earth: 50 years of walt disney world,2021,85 min,"Family, Variety"
under wraps,2021,92 min,"Action-Adventure, Comedy, Kids"
among the stars,2021,1 Season,Docuseries
black widow,2021,135 min,"Action-Adventure, Science Fiction, Spy/Espionage"
drain the oceans,2017,4 Seasons,"Docuseries, Historical"
drain the oceans: the mississippi river & arctic war,2021,1 Season,"Docuseries, Historical"
fauci,2021,105 min,"Biographical, Documentary"
impact with gal gadot,2021,1 Season,Docuseries
the ghost and molly mcgee,2021,1 Season,"Animation, Buddy, Coming of Age"
alvin and the chipmunks,2007,91 min,"Animation, Comedy, Family"
alvin and the chipmunks: the road chip,2015,92 min,"Comedy, Family, Music"
lego star wars terrifying tales,2021,47 min,"Action-Adventure, Animation, Science Fiction"
maleficent,2014,99 min,"Action-Adventure, Family, Fantasy"
the scariest story ever: a mickey mouse halloween spooktacular,2017,22 min,"Animation, Family, Parody"
disney vampirina,2017,3 Seasons,"Animation, Fantasy, Kids"
disney's magic bake-off,2021,1 Season,"Family, Game Show / Competition"
great barrier reef,2020,1 Season,"Animals & Nature, Docuseries"
ready for preschool,2019,2 Seasons,"Kids, Music"
rolie polie olie,1998,5 Seasons,"Animation, Science Fiction"
star wars galaxy of sounds,2021,1 Season,"Animation, Anthology, Science Fiction"
the hatcher family dairy,2021,1 Season,"Animals & Nature, Docuseries, Reality"
the simpsons,1989,32 Seasons,"Animation, Comedy"
a spark story,2021,88 min,Documentary
spooky buddies,2011,93 min,"Comedy, Fantasy, Kids"
the fault in our stars,2014,127 min,"Coming of Age, Drama, Romance"
dog: impossible,2019,2 Seasons,"Animals & Nature, Docuseries, Family"
spidey and his amazing friends,2021,1 Season,"Action-Adventure, Animation, Kids"
star wars: visions,2021,1 Season,"Action-Adventure, Animation, Anime"
confessions of a shopaholic,2009,106 min,"Comedy, Romance, Romantic Comedy"
descendants: royal wedding,2021,22 min,"Animation, Fantasy, Musical"
disney's broadway hits at london's royal albert hall,2016,116 min,"Concert Film, Music"
flooded tombs of the nile,2021,44 min,Documentary
jade eyed leopard,2020,44 min,"Animals & Nature, Documentary"
nona,2021,9 min,"Animation, Comedy, Family"
smoky mountain park rangers,2021,42 min,"Animals & Nature, Documentary"
life below zero,2012,16 Seasons,"Action-Adventure, Animals & Nature, Docuseries"
miraculous: tales of ladybug & cat noir,2015,1 Season,"Action-Adventure, Animation, Fantasy"
unknown waters with jeremy wade,2021,1 Season,"Animals & Nature, Docuseries"
far away from ravenâs home,2021,11 min,Comedy
pirates of the caribbean: on stranger tides,2011,140 min,"Action-Adventure, Fantasy"
twenty something,2021,11 min,"Animation, Family"
"doogie kamealoha, m.d.",2021,1 Season,"Comedy, Coming of Age, Family"
"mira, royal detective",2020,2 Seasons,"Animation, Fantasy, Kids"
pepper ann,1997,3 Seasons,"Animation, Comedy, Coming of Age"
the incredible dr. pol,2011,19 Seasons,"Animals & Nature, Docuseries, Family"
happier than ever: a love letter to los angeles,2021,66 min,"Concert Film, Music"
x-men: dark phoenix,2019,115 min,"Action-Adventure, Family, Science Fiction"
alaska animal rescue,2019,2 Seasons,"Animals & Nature, Docuseries, Family"
dug days,2021,1 Season,"Animation, Comedy, Family"
cruella,2021,137 min,"Crime, Drama"
dan in real life,2007,99 min,"Comedy, Drama, Romance"
disney princess remixed - an ultimate princess celebration,2021,22 min,"Family, Music, Variety"
marvel one-shot: all hail the king,2014,14 min,"Comedy, Drama, Thriller"
underdog,2007,85 min,"Action-Adventure, Family, Parody"
dr. k's exotic animal er,2014,9 Seasons,"Animals & Nature, Docuseries, Family"
gigantosaurus,2018,2 Seasons,"Action-Adventure, Animation, Kids"
life below zero: next generation,2020,2 Seasons,"Action-Adventure, Animals & Nature, Docuseries"
eragon,2006,104 min,"Action-Adventure, Family, Fantasy"
growing up animal,2021,1 Season,"Animals & Nature, Docuseries, Family"
fantastic four,2005,106 min,"Action-Adventure, Family, Science Fiction"
x-men,2000,105 min,"Action-Adventure, Family, Science Fiction"
america's funniest home videos: animal edition,2021,1 Season,Reality
chicken squad,2021,1 Season,"Animation, Kids, Police/Cop"
disney presents goofy in how to stay at home,2021,1 Season,"Animation, Comedy, Family"
gabby duran and the unsittables,2018,2 Seasons,"Comedy, Family, Science Fiction"
what if...?,2021,1 Season,"Action-Adventure, Animation, Anthology"
beverly hills chihuahua 2,2011,88 min,"Action-Adventure, Comedy, Family"
beverly hills chihuahua 3: viva la fiesta!,2012,92 min,"Comedy, Coming of Age, Family"
killer shark vs killer whale,2021,44 min,"Animals & Nature, Documentary"
mrs. doubtfire,1993,126 min,"Comedy, Drama"
cesar millan: better human better dog,2021,1 Season,"Animals & Nature, Docuseries, Family"
walt disney animation studios: short circuit experimental films,2020,2 Seasons,"Animation, Anthology, Family"
built for mars: the perseverance rover,2021,88 min,Documentary
garfield,2004,82 min,"Comedy, Family"
chip 'n' dale: park life,2021,1 Season,"Animation, Buddy, Comedy"
critter fixers: country vets,2020,2 Seasons,"Animals & Nature, Docuseries, Family"
disney junior t.o.t.s.,2018,2 Seasons,"Animation, Buddy, Kids"
mickey mouse funhouse,2021,1 Season,"Animation, Kids"
minnie's bow-toons: party palace pals,2021,1 Season,"Animation, Kids"
turning the tables with robin roberts,2021,1 Season,Talk Show
ice age: the meltdown,2006,94 min,"Animation, Comedy, Family"
playing with sharks,2021,91 min,"Animals & Nature, Biographical, Documentary"
shark vs. surfer,2020,44 min,"Animals & Nature, Documentary"
shark vs. whale,2020,44 min,"Animals & Nature, Documentary"
stuntman,2021,87 min,Documentary
walking with dinosaurs: the movie,2013,88 min,"Action-Adventure, Family, Fantasy"
what the shark?,2020,44 min,"Animals & Nature, Documentary"
behind the attraction,2021,1 Season,"Docuseries, Family"
disney the owl house,2020,2 Seasons,"Action-Adventure, Animation, Anime"
meet spidey and his amazing friends (shorts),2021,1 Season,"Action-Adventure, Animation, Kids"
mission force one,2017,1 Season,"Action-Adventure, Animation, Kids"
turner & hooch,2021,1 Season,"Action-Adventure, Buddy, Comedy"
most wanted sharks,2020,44 min,"Animals & Nature, Documentary"
secrets of the bull shark,2020,44 min,"Animals & Nature, Documentary"
shark attack files,2021,1 Season,"Animals & Nature, Docuseries, Reality"
shark attack investigation: the paige winter story,2021,44 min,"Animals & Nature, Documentary"
sharkcano,2020,44 min,"Animals & Nature, Documentary"
we bought a zoo,2011,125 min,"Animals & Nature, Drama, Family"
world's biggest bullshark,2021,44 min,"Animals & Nature, Documentary"
world's most dangerous shark?,2021,44 min,"Animals & Nature, Documentary"
so random!,2011,1 Season,"Comedy, Coming of Age"
flicka,2006,95 min,"Animals & Nature, Coming of Age, Drama"
"miraculous world: shanghai, the legend of ladydragon",2021,54 min,"Animation, Fantasy"
orca vs. great white,2021,44 min,"Animals & Nature, Documentary"
rogue shark?,2021,44 min,"Animals & Nature, Documentary"
shark beach with chris hemsworth,2021,44 min,"Animals & Nature, Documentary"
shark gangs,2021,44 min,"Animals & Nature, Documentary"
the croc that ate jaws,2021,44 min,"Animals & Nature, Documentary"
when sharks attack,2013,7 Seasons,Reality
breaking bobby bones,2021,1 Season,"Action-Adventure, Docuseries, Reality"
mickey mouse mixed-up adventures,2019,1 Season,"Animation, Kids, Sports"
monsters at work,2021,1 Season,"Animation, Comedy, Family"
"the good, the bart, and the loki",2021,6 min,"Animation, Comedy, Fantasy"
disney raven's home,2016,4 Seasons,"Comedy, Family, Fantasy"
the sandlot,1993,101 min,"Comedy, Coming of Age, Family"
the sandlot 2,2005,98 min,"Comedy, Sports"
adventures in babysitting,1987,102 min,"Action-Adventure, Comedy, Coming of Age"
running wild with bear grylls,2019,2 Seasons,"Action-Adventure, Reality, Survival"
the mysterious benedict society,2021,1 Season,"Action-Adventure, Family"
wolfgang,2021,80 min,"Biographical, Documentary"
dino ranch,2021,1 Season,"Animation, Kids, Western"
disney just roll with it,2018,2 Seasons,"Comedy, Family"
"heartland docs, dvm",2019,3 Seasons,"Animals & Nature, Docuseries, Family"
luca,2021,101 min,"Animation, Buddy, Coming of Age"
star wars vintage: droids,1985,2 Seasons,"Action-Adventure, Animation, Fantasy"
puppy dog pals,2016,4 Seasons,"Animation, Kids"
strange magic,2015,101 min,"Action-Adventure, Animation, Family"
the happiest millionaire,1967,170 min,"Biographical, Coming of Age, Family"
the pacifier,2005,97 min,"Action-Adventure, Comedy, Spy/Espionage"
zenimation,2020,2 Seasons,"Animation, Anthology, Family"
loki,2021,1 Season,"Action-Adventure, Fantasy, Science Fiction"
gordon ramsay: uncharted,2018,3 Seasons,"Action-Adventure, Docuseries, Lifestyle"
muppet babies,2017,3 Seasons,"Animation, Kids"
raya and the last dragon,2021,112 min,"Action-Adventure, Animation, Family"
red tails,2012,126 min,"Action-Adventure, Drama, Historical"
us again,2021,7 min,"Animation, Dance, Family"
american eid,2021,21 min,Drama
bluey,2019,2 Seasons,"Animation, Kids"
dinner is served,2021,21 min,"Coming of Age, Drama"
disney sydney to the max,2018,3 Seasons,"Comedy, Coming of Age, Family"
growing fangs,2021,20 min,"Coming of Age, Fantasy"
kingdom of the polar bears,2021,1 Season,"Animals & Nature, Docuseries"
let's be tigers,2021,15 min,Drama
the last of the chupacabras,2021,14 min,Fantasy
the little prince(ss),2021,19 min,Drama
wicked tuna,2016,10 Seasons,"Action-Adventure, Animals & Nature, Docuseries"
big city greens,2017,2 Seasons,"Action-Adventure, Animation, Comedy"
fury files,2013,1 Season,"Animation, Superhero"
ice road rescue,2015,5 Seasons,"Docuseries, Reality, Survival"
tinker bell and the legend of the neverbeast,2014,79 min,"Action-Adventure, Animation, Fantasy"
schoolhouse rock!,1973,6 Seasons,"Animals & Nature, Animation, Kids"
disney special agent oso: three healthy steps (shorts),2011,1 Season,"Action-Adventure, Animation, Kids"
race to the center of the earth,2021,1 Season,"Action-Adventure, Family, Game Show / Competition"
special agent oso,2009,2 Seasons,"Action-Adventure, Animation, Kids"
x-men: the last stand,2006,105 min,"Action-Adventure, Family, Science Fiction"
the incredible hulk,1996,2 Seasons,"Action-Adventure, Animation, Kids"
fantastic four: rise of the silver surfer,2007,93 min,"Action-Adventure, Family, Science Fiction"
wander over yonder,2013,2 Seasons,Comedy
wild hearts can't be broken,1991,89 min,"Biographical, Drama"
"maggie simpson in ""the force awakens from its nap""",2021,4 min,"Animation, Comedy, Parody"
star wars biomes,2021,18 min,Science Fiction
star wars vehicle flythroughs,2021,1 Season,"Anthology, Science Fiction"
the bad batch,2021,1 Season,"Action-Adventure, Animation, Science Fiction"
spider-man,1994,5 Seasons,"Action-Adventure, Animation, Kids"
22 vs. earth,2021,9 min,"Animation, Comedy, Family"
adventures in wonderland,1996,1 Season,"Fantasy, Musical"
disney my music story sukimaswitch,2020,81 min,"Biographical, Documentary, Music"
ducktales,2017,3 Seasons,"Action-Adventure, Animation, Comedy"
oklahoma!,1956,148 min,"Musical, Romance, Western"
baby's day out,1994,99 min,"Action-Adventure, Comedy, Crime"
being the queen,2020,44 min,"Biographical, Documentary"
liv and maddie,2013,4 Seasons,"Comedy, Coming of Age, Kids"
secrets of the whales,2021,1 Season,"Animals & Nature, Docuseries"
big shot,2021,1 Season,"Comedy, Drama, Sports"
earth moods,2021,1 Season,"Animals & Nature, Anthology"
primal survivor,2014,5 Seasons,"Docuseries, Reality, Survival"
rio,2011,99 min,"Action-Adventure, Animation, Comedy"
the kid who would be king,2019,121 min,"Action-Adventure, Coming of Age, Family"
treasure buddies,2012,96 min,"Action-Adventure, Comedy, Kids"
white fang 2: myth of the white wolf,1994,106 min,"Action-Adventure, Animals & Nature, Drama"
cesar millan: the real story,2012,45 min,"Biographical, Documentary"
future-worm!,2016,1 Season,"Family, Kids"
kick buttowski: suburban daredevil,2010,2 Seasons,"Action-Adventure, Animation"
man of the house,1995,97 min,"Comedy, Coming of Age, Crime"
mark twain and me,1991,93 min,"Biographical, Coming of Age, Drama"
squanto: a warrior's tale,1994,102 min,"Action-Adventure, Biographical, Drama"
caravan of courage: an ewok adventure,1984,97 min,"Action-Adventure, Fantasy, Science Fiction"
ewoks: the battle for endor,1985,97 min,"Action-Adventure, Fantasy, Science Fiction"
higglytown heroes,2004,2 Seasons,"Animation, Kids, Musical"
island at the top of the world,1974,94 min,"Action-Adventure, Fantasy, Survival"
made in a day,2020,1 Season,Reality
night at the museum,2006,109 min,"Action-Adventure, Comedy, Family"
secrets of the zoo,2017,4 Seasons,"Animals & Nature, Docuseries, Family"
sharks of the bermuda triangle,2020,45 min,"Animals & Nature, Documentary"
star wars vintage: clone wars 2d micro-series,2021,1 Season,Series
star wars vintage: story of the faithful wookiee,2021,9 min,Animation
star wars: ewoks,1985,2 Seasons,"Action-Adventure, Animation, Fantasy"
the big year,2011,101 min,"Animals & Nature, Comedy"
the last ice,2020,82 min,"Animals & Nature, Documentary"
third man on the mountain,1959,107 min,"Action-Adventure, Coming of Age, Family"
walk the prank,2016,3 Seasons,"Comedy, Reality"
gnomeo & juliet,2011,86 min,"Action-Adventure, Animation, Family"
pickle and peanut,2015,2 Seasons,Comedy
the mighty ducks: game changers,2021,1 Season,"Comedy, Drama, Sports"
disney big hero 6 the series,2017,3 Seasons,"Action-Adventure, Animation, Kids"
disney my music story: perfume,2019,53 min,"Biographical, Documentary, Music"
mexico untamed,2018,1 Season,"Animals & Nature, Docuseries"
the falcon and the winter soldier,2021,1 Season,"Action-Adventure, Buddy, Science Fiction"
doc mcstuffins: the doc is in,2020,24 min,"Animation, Kids, Medical"
marvel studios assembled,2021,1 Season,"Anthology, Docuseries"
miss peregrine's home for peculiar children,2016,127 min,"Coming of Age, Fantasy"
own the room,2021,91 min,Documentary
garfield: a tail of two kitties,2006,79 min,"Comedy, Family, Kids"
american dragon: jake long,2004,2 Seasons,"Action-Adventure, Animation, Comedy"
car sos,2012,8 Seasons,"Buddy, Comedy, Docuseries"
disney channel games 2008,2008,1 Season,"Game Show / Competition, Sports, Variety"
disney roll it back (shorts),2019,1 Season,"Comedy, Docuseries, Family"
dog with a blog,2012,3 Seasons,"Comedy, Fantasy"
mickey go local,2019,1 Season,"Animation, Comedy, Kids"
myth: a frozen tale,2021,12 min,"Animation, Family, Fantasy"
okavango: river of dreams,2020,95 min,"Animals & Nature, Documentary"
pair of kings,2010,3 Seasons,"Action-Adventure, Comedy, Coming of Age"
secrets of sulphur springs,2021,1 Season,"Family, Fantasy, Mystery"
shanghai disney resort grand opening gala,2016,24 min,Variety
cheaper by the dozen,2003,99 min,"Comedy, Family"
cheaper by the dozen 2,2005,95 min,"Comedy, Family"
flora & ulysses,2021,95 min,"Comedy, Coming of Age, Drama"
the book of life,2014,101 min,"Action-Adventure, Animation, Comedy"
the muppet show,1976,5 Seasons,"Comedy, Family, Variety"
marvel battleworld: mystery of the thanostones,2020,1 Season,"Action-Adventure, Animation, Fantasy"
marvel's behind the mask,2021,65 min,"Anthology, Documentary"
rodgers & hammerstein's cinderella,1997,86 min,"Comedy, Family, Fantasy"
you again,2010,106 min,Comedy
disney my music story: yoshiki,2019,48 min,"Biographical, Documentary, Music"
expedition everest,2020,45 min,"Animals & Nature, Documentary"
upside-down magic,2020,97 min,"Coming of Age, Fantasy"
wicked tuna: outer banks,2013,7 Seasons,"Animals & Nature, Docuseries, Family"
dinosaurs,1991,4 Seasons,"Comedy, Family"
texas storm squad,2020,44 min,Documentary
pixar popcorn,2021,1 Season,"Animation, Anthology, Family"
wild uganda,2018,45 min,"Animals & Nature, Documentary"
elena of avalor,2015,3 Seasons,"Action-Adventure, Animation, Fantasy"
isle of dogs,2018,102 min,"Action-Adventure, Animation, Comedy"
mary poppins returns,2018,140 min,"Family, Fantasy, Musical"
wandavision,2021,1 Season,"Drama, Fantasy, Mystery"
disney fam jam,2020,1 Season,"Family, Game Show / Competition, Reality"
ferdinand,2017,111 min,"Action-Adventure, Animation, Comedy"
marvel studios legends,2021,1 Season,"Action-Adventure, Docuseries, Fantasy"
toy story: that time forgot,2014,22 min,"Action-Adventure, Animation, Comedy"
700 sharks,2018,45 min,"Animals & Nature, Documentary"
big sharks rule,2018,45 min,"Animals & Nature, Documentary"
dr. seuss' horton hears a who!,2008,88 min,"Animation, Comedy, Family"
great shark chow down,2019,45 min,"Animals & Nature, Documentary"
mega hammerhead,2016,43 min,"Animals & Nature, Documentary"
burrow,2020,6 min,"Animation, Family"
cosmos: possible worlds,2020,1 Season,"Action-Adventure, Docuseries, Family"
disney gallery / star wars: the mandalorian,2020,2 Seasons,"Action-Adventure, Docuseries, Family"
max keeble's big move,2001,88 min,"Comedy, Family"
soul,2020,107 min,"Animation, Comedy, Family"
arendelle castle yule log,2020,180 min,"Animation, Family"
buried truth of the maya,2020,48 min,"Documentary, Historical"
disney parks sunrise series,2021,1 Season,"Animals & Nature, Docuseries, Family"
dory's reef cam,2020,182 min,"Animation, Family"
into the woods,2014,126 min,"Action-Adventure, Fantasy, Musical"
"miraculous world: new york, united heroez",2020,60 min,"Action-Adventure, Animation, Fantasy"
on pointe,2020,1 Season,"Docuseries, Family"
wild nordic,2019,1 Season,"Animals & Nature, Docuseries, Reality"
disney channel's epic holiday showdown,2020,50 min,"Fantasy, Variety"
disney holiday magic quest,2020,46 min,Movies
gender revolution: a journey with katie couric,2017,93 min,Documentary
high school musical: the musical: the holiday special,2020,46 min,"Drama, Music, Romance"
ralph breaks the internet,2018,116 min,"Action-Adventure, Animation, Comedy"
safety,2020,123 min,"Biographical, Drama, Sports"
anastasia,1997,95 min,"Animation, Family, Fantasy"
godmothered,2020,113 min,"Comedy, Family, Fantasy"
man vs. shark,2019,45 min,"Animals & Nature, Documentary"
mulan,2020,117 min,"Action-Adventure, Coming of Age, Drama"
sky high,2005,101 min,"Action-Adventure, Comedy, Family"
the disney holiday singalong,2020,45 min,"Family, Music, Variety"
the nutcracker and the four realms,2018,101 min,"Action-Adventure, Family, Fantasy"
"alexander and the terrible, horrible, no good, very bad day",2014,83 min,"Comedy, Coming of Age, Family"
black beauty,2020,111 min,"Animals & Nature, Coming of Age, Drama"
from our family to yours,2020,3 min,"Animation, Family"
once upon a time in wonderland,2013,1 Season,"Action-Adventure, Fantasy, Soap Opera / Melodrama"
party animals,2016,1 Season,"Animals & Nature, Kids, Music"
folklore: the long pond studio sessions,2020,107 min,"Documentary, Music"
bia,2019,1 Season,"Coming of Age, Drama, Music"
marvel's 616,2020,1 Season,"Anthology, Docuseries"
planes,2013,94 min,"Action-Adventure, Animation, Comedy"
planes: fire & rescue,2014,85 min,"Action-Adventure, Animation, Comedy"
the real right stuff,2020,90 min,"Documentary, Historical"
the wonderful world of mickey mouse,2020,1 Season,"Action-Adventure, Animation, Anthology"
lego star wars holiday special,2020,48 min,"Action-Adventure, Animation, Comedy"
home alone,1990,103 min,"Comedy, Family"
home alone 2: lost in new york,1992,121 min,"Comedy, Family"
home alone 3,1997,103 min,"Comedy, Family"
inside pixar,2020,1 Season,"Docuseries, Family"
petra: secrets of the ancient builders,2019,45 min,"Documentary, Historical"
ultimate viking sword,2019,45 min,"Documentary, Historical"
disney's a christmas carol,2009,97 min,"Animation, Fantasy"
fancy nancy (shorts),2019,1 Season,"Animation, Kids"
goldie & bear,2015,2 Seasons,"Action-Adventure, Animation, Buddy"
mr. magoo,1997,88 min,"Action-Adventure, Comedy, Crime"
prep & landing,2009,23 min,"Animation, Family, Fantasy"
prep & landing: naughty vs. nice,2011,23 min,"Animation, Family, Fantasy"
disney channel halloween house party,2020,23 min,"Comedy, Variety"
the mandalorian,2019,2 Seasons,"Action-Adventure, Family, Science Fiction"
the sorcerer's apprentice,2010,111 min,"Action-Adventure, Fantasy"
x-ray earth,2020,1 Season,"Animals & Nature, Docuseries, Reality"
gathering storm,2020,1 Season,"Animals & Nature, Docuseries"
india from above,2019,1 Season,"Docuseries, Reality"
marvel super hero adventures,2017,4 Seasons,"Action-Adventure, Animation, Kids"
once upon a snowman,2020,12 min,"Animation, Comedy, Coming of Age"
pompeii: secrets of the dead,2019,45 min,"Documentary, Historical"
toy story of terror!,2013,22 min,"Animation, Comedy, Family"
beverly hills chihuahua,2008,95 min,"Action-Adventure, Comedy, Family"
clouds,2020,122 min,"Biographical, Drama, Music"
lost on everest,2020,60 min,"Animals & Nature, Documentary, Survival"
marvel's iron man & captain america: heroes united,2014,72 min,"Action-Adventure, Animation, Science Fiction"
meet the chimps,2020,1 Season,"Animals & Nature, Docuseries, Family"
the rocketeer,2019,1 Season,"Action-Adventure, Animation, Kids"
oil spill of the century,2019,45 min,"Documentary, Historical"
the chronicles of narnia: the voyage of the dawn treader,2010,113 min,"Action-Adventure, Family, Fantasy"
the right stuff,2020,1 Season,"Drama, Historical"
wild portugal,2020,45 min,"Animals & Nature, Documentary, Family"
x2,2003,134 min,"Action-Adventure, Family, Science Fiction"
mr. holland's opus,1996,143 min,"Drama, Music"
disneynature oceans,2010,84 min,"Animals & Nature, Documentary, Family"
hidden figures,2016,128 min,"Biographical, Drama, Family"
magic of disney's animal kingdom,2020,1 Season,"Animals & Nature, Docuseries, Family"
secret society of second-born royals,2020,99 min,"Action-Adventure, Coming of Age, Family"
the giant robber crab,2019,44 min,"Animals & Nature, Documentary"
wild central america,2020,1 Season,"Action-Adventure, Animals & Nature, Docuseries"
ancient china from above,2020,1 Season,"Docuseries, Historical"
becoming,2020,1 Season,"Anthology, Docuseries, Family"
coop & cami ask the world,2018,2 Seasons,"Comedy, Family, Kids"
europe from above,2019,1 Season,"Docuseries, Reality"
ever after: a cinderella story,1998,122 min,"Drama, Romance"
kingdom of the mummies,2020,1 Season,"Docuseries, Historical, Reality"
morning light,2008,99 min,"Documentary, Sports"
notre dame: race against the inferno,2019,45 min,Documentary
once upon a time,2011,7 Seasons,"Action-Adventure, Fantasy, Soap Opera / Melodrama"
soy luna,2015,3 Seasons,"Comedy, Coming of Age, Drama"
violetta,2011,3 Seasons,"Coming of Age, Drama, Music"
christopher robin,2018,109 min,"Drama, Family, Fantasy"
d2: the mighty ducks,1994,107 min,"Comedy, Drama, Family"
d3: the mighty ducks,1996,104 min,"Comedy, Coming of Age, Drama"
earth to ned,2020,1 Season,"Comedy, Parody, Science Fiction"
trick or treat,1952,9 min,"Animation, Family, Fantasy"
alice through the looking glass,2016,115 min,"Action-Adventure, Fantasy"
phineas and ferb the movie: candace against the universe,2020,86 min,"Action-Adventure, Animation, Comedy"
back to the titanic,2020,44 min,"Documentary, Historical"
beauty and the beast,2017,138 min,"Family, Fantasy, Musical"
mars: one day on the red planet,2020,88 min,Documentary
the one and only ivan,2020,95 min,"Drama, Family, Fantasy"
"weirdest, bestest, truest",2018,1 Season,"Animals & Nature, Kids, Variety"
disney junior t.o.t.s.: calling all t.o.t.s. (shorts),2020,1 Season,"Animation, Kids, Music"
disney zombies 2,2020,84 min,"Coming of Age, Fantasy, Musical"
india's wild leopards,2020,45 min,"Animals & Nature, Documentary"
jungle animal rescue,2019,1 Season,"Animals & Nature, Docuseries, Family"
magic camp,2020,101 min,"Comedy, Family"
marvel studios' ant-man and the wasp,2018,120 min,"Action-Adventure, Comedy, Science Fiction"
nature boom time,2016,1 Season,"Animals & Nature, Docuseries, Kids"
sam's zookeeper challenge,2018,1 Season,"Animals & Nature, Docuseries, Family"
scuba sam's world,2018,1 Season,"Animals & Nature, Docuseries, Kids"
spaced out,2018,1 Season,"Docuseries, Kids"
the greatest showman,2017,106 min,"Biographical, Drama, Family"
weird but true!,2017,3 Seasons,"Animals & Nature, Kids, Variety"
wild cats of india,2020,1 Season,"Animals & Nature, Docuseries, Family"
howard,2020,95 min,"Biographical, Documentary, Music"
prince of persia: the sands of time,2010,117 min,"Action-Adventure, Fantasy"
star wars: galaxy's edge-adventure awaits,2019,81 min,"Documentary, Family"
the hidden kingdoms of china,2020,88 min,"Animals & Nature, Documentary, Family"
the peanuts movie,2015,89 min,"Animation, Comedy, Family"
ufo europe: the untold stories,2012,1 Season,"Docuseries, Reality"
animal showdown,2018,1 Season,"Animals & Nature, Docuseries, Family"
best job ever,2018,1 Season,"Animals & Nature, Docuseries, Family"
big cat games,2015,44 min,"Animals & Nature, Family, Reality"
black is king,2020,86 min,"Dance, Music, Musical"
cradle of the gods,2012,45 min,"Documentary, Historical"
destination world,2018,1 Season,"Animals & Nature, Docuseries, Kids"
fearless adventures with jack randall,2018,1 Season,"Animals & Nature, Docuseries, Family"
hunt for the abominable snowman,2011,45 min,Documentary
incredibles 2,2018,118 min,"Action-Adventure, Animation, Family"
king fishers,2013,1 Season,"Action-Adventure, Animals & Nature, Docuseries"
lost temple of the inca,2020,44 min,Documentary
marvel funko shorts,2016,2 Seasons,"Action-Adventure, Animation, Anthology"
muppets now,2020,1 Season,"Comedy, Family, Lifestyle"
surviving the mount st. helens disaster,2020,44 min,"Animals & Nature, Documentary"
what sam sees,2018,1 Season,"Animals & Nature, Docuseries, Family"
pirates of the caribbean: dead men tell no tales,2017,129 min,"Action-Adventure, Fantasy"
pj masks (shorts),2017,1 Season,"Action-Adventure, Animation, Kids"
rogue trip,2020,1 Season,"Buddy, Docuseries"
wild congo,2014,1 Season,"Animals & Nature, Docuseries, Family"
wild sri lanka,2016,1 Season,"Animals & Nature, Docuseries"
a pre-opening report from disneyland,1955,55 min,"Documentary, Family, Historical"
diary of a wimpy kid: the long haul,2017,92 min,"Comedy, Family"
disney junior music lullabies,2018,1 Season,"Animation, Kids, Music"
lost city of machu picchu,2019,44 min,"Documentary, Family"
super robot monkey team hyperforce go!,2004,2 Seasons,"Action-Adventure, Animation, Anime"
the mouseketeers at walt disney world,1977,56 min,"Coming of Age, Drama, Family"
wild chile,2017,1 Season,"Animals & Nature, Docuseries, Family"
x-men: apocalypse,2016,144 min,"Action-Adventure, Family, Science Fiction"
cosmos: a spacetime odyssey,2013,1 Season,"Action-Adventure, Docuseries, Family"
hamilton: history has its eyes on you,2020,47 min,"Historical, Musical"
solo: a star wars story,2018,135 min,"Action-Adventure, Crime, Science Fiction"
x-men: days of future past,2014,132 min,"Action-Adventure, Family, Science Fiction"
the undefeated presents: hamilton in-depth,2020,33 min,"Historical, Musical"
animal er,2016,2 Seasons,"Animals & Nature, Docuseries, Family"
diary of a wimpy kid: rodrick rules,2011,100 min,"Comedy, Family"
hamilton,2020,160 min,"Biographical, Historical, Musical"
ice age: collision course,2016,97 min,"Action-Adventure, Animation, Comedy"
race to witch mountain,2009,100 min,"Action-Adventure, Family, Science Fiction"
the big green,1995,100 min,"Comedy, Family, Sports"
the mighty ducks,1992,104 min,"Comedy, Drama, Sports"
while you were sleeping,1995,104 min,"Comedy, Drama, Romance"
disney a.n.t. farm,2011,3 Seasons,"Comedy, Coming of Age, Music"
into the unknown: making frozen 2,2020,1 Season,"Docuseries, Family"
man in space,1955,49 min,"Documentary, Family"
mars and beyond,1957,53 min,"Animation, Documentary, Family"
marvel studios' avengers: infinity war,2018,152 min,"Action-Adventure, Fantasy, Science Fiction"
tarzan,1999,93 min,"Action-Adventure, Animation, Coming of Age"
tarzan ii,2005,75 min,"Action-Adventure, Animation, Coming of Age"
101 dalmatians (series),1997,1 Season,"Action-Adventure, Animation, Kids"
big sur: wild california,2010,47 min,"Animals & Nature, Documentary, Family"
disney junior muppet babies play date,2018,1 Season,"Comedy, Kids"
egypt's treasure guardians,2016,44 min,"Documentary, Historical"
the jungle book,2016,108 min,"Action-Adventure, Coming of Age, Family"
the pirate fairy,2014,78 min,"Action-Adventure, Animation, Family"
trail mix-up,1993,9 min,"Action-Adventure, Animation, Comedy"
tummy trouble,1989,8 min,"Action-Adventure, Animation, Comedy"
artemis fowl,2020,96 min,"Action-Adventure, Crime, Fantasy"
mighty med,2013,2 Seasons,"Comedy, Coming of Age, Medical"
the liberty story,1957,48 min,"Drama, Family, Historical"
the story of the animated drawing,1955,49 min,"Documentary, Family"
walt & el grupo,2009,108 min,"Documentary, Historical"
alaska's grizzly gauntlet,2018,1 Season,"Animals & Nature, Docuseries, Family"
america's greatest animals,2012,90 min,"Animals & Nature, Documentary, Family"
chasing the equinox,2019,45 min,Documentary
howie mandel's animals doing things,2017,2 Seasons,"Animals & Nature, Comedy, Family"
japan: between earth and sky,2017,1 Season,"Animals & Nature, Docuseries"
percy jackson & the olympians: the lightning thief,2010,119 min,"Action-Adventure, Family, Fantasy"
secrets of wild india,2012,1 Season,"Animals & Nature, Docuseries, Family"
the greeks,2016,1 Season,"Docuseries, Historical"
wild hawaii,2014,1 Season,"Animals & Nature, Docuseries, Family"
women of impact: changing the world,2019,44 min,"Documentary, Historical"
"maggie simpson in ""the longest daycare""",2012,5 min,"Animation, Comedy"
mickey and the seal,1948,7 min,"Animation, Family"
the evermoor chronicles,2015,2 Seasons,"Coming of Age, Fantasy, Mystery"
the moon-spinners,1964,119 min,"Crime, Drama, Mystery"
doc mcstuffins,2011,5 Seasons,"Animation, Kids, Medical"
fantastic mr. fox,2009,88 min,"Animation, Comedy, Crime"
"hello, dolly!",1969,147 min,"Comedy, Musical, Romance"
marvel's future avengers,2017,2 Seasons,"Action-Adventure, Animation, Anime"
out,2020,12 min,"Animation, Family, Fantasy"
the big fib,2019,1 Season,"Family, Game Show / Competition"
the boys: the sherman brothers' story,2009,102 min,"Biographical, Documentary, Music"
it's a dog's life with bill farmer,2020,1 Season,"Animals & Nature, Docuseries, Family"
maleficent: mistress of evil,2019,121 min,"Action-Adventure, Family, Fantasy"
star wars: the rise of skywalker (episode ix),2019,142 min,"Action-Adventure, Family, Science Fiction"
john carter,2012,134 min,"Action-Adventure, Family, Fantasy"
awesome animals,2017,1 Season,"Animals & Nature, Docuseries, Family"
birth of europe,2014,1 Season,Docuseries
bride of boogedy,1987,93 min,"Action-Adventure, Family, Fantasy"
buried secrets of the bible with albert lin,2019,1 Season,"Action-Adventure, Docuseries, Historical"
disney prop culture,2020,1 Season,Docuseries
george of the jungle,1997,93 min,"Action-Adventure, Comedy, Family"
homeward bound ii: lost in san francisco,1996,90 min,"Action-Adventure, Animals & Nature, Family"
homeward bound: the incredible journey,1993,85 min,"Action-Adventure, Animals & Nature, Family"
how to play baseball,1942,8 min,"Animation, Family, Sports"
in beaver valley,1950,32 min,"Animals & Nature, Documentary, Family"
lost treasures of egypt,2018,1 Season,"Docuseries, Historical"
love & vets,2017,1 Season,"Animals & Nature, Docuseries, Family"
nature's half acre,1951,33 min,"Animals & Nature, Documentary, Family"
prairie dog manor,2019,1 Season,"Animals & Nature, Docuseries, Reality"
prowlers of the everglades,1953,32 min,"Animals & Nature, Documentary"
the princess bride,1987,99 min,"Action-Adventure, Comedy, Family"
united states of animals,2015,1 Season,"Animals & Nature, Docuseries, Family"
unlikely animal friends,2012,3 Seasons,"Animals & Nature, Docuseries, Family"
water birds,1952,31 min,"Animals & Nature, Documentary, Family"
national treasure,2004,132 min,"Action-Adventure, Mystery, Thriller"
born wild: the next generation,2020,44 min,"Animals & Nature, Documentary"
america's funniest home videos,1989,9 Seasons,"Comedy, Family, Fantasy"
the olympic elk,1952,27 min,"Animals & Nature, Documentary, Family"
tangled: the series,2016,3 Seasons,"Action-Adventure, Animation, Comedy"
jane goodall: the hope,2020,89 min,"Biographical, Documentary"
brain games,2011,8 Seasons,"Docuseries, Family, Game Show / Competition"
disney mickey and the roadster racers - chip 'n' dale's nutty tales (shorts),2017,2 Seasons,"Action-Adventure, Animation, Buddy"
let's stick together,1952,7 min,"Animation, Family"
pluto's purchase,1948,7 min,"Animation, Family"
tron uprising,2011,1 Season,"Action-Adventure, Animation, Kids"
a celebration of the music from coco,2020,48 min,"Concert Film, Music, Musical"
disney playtime with puppy dog pals (shorts),2017,2 Seasons,"Animation, Kids"
"maggie simpson in ""playdate with destiny""",2020,5 min,"Animation, Comedy"
paradise islands,2017,1 Season,"Animals & Nature, Docuseries, Family"
tut's treasures: hidden secrets,2018,1 Season,"Docuseries, Historical"
a tale of two critters,1977,48 min,"Animals & Nature, Family"
all in a nutshell,1949,7 min,"Animation, Family"
disneynature penguins,2019,77 min,"Animals & Nature, Documentary, Family"
diving with dolphins,2020,79 min,"Animals & Nature, Documentary, Family"
dolphin reef,2018,78 min,"Animals & Nature, Documentary, Family"
don's fountain of youth,1953,6 min,"Animation, Family"
donald's dog laundry,1940,9 min,"Animation, Family"
double dribble,1946,8 min,"Animation, Family, Sports"
dragon around,1954,7 min,"Animation, Family"
elephant,2020,89 min,"Animals & Nature, Documentary, Family"
elmer elephant,1936,8 min,"Animation, Family"
fish hooks,2010,3 Seasons,"Animation, Comedy, Coming of Age"
how to play football,1944,9 min,"Animation, Family, Parody"
in the footsteps of elephant,2020,88 min,"Animals & Nature, Documentary, Family"
"lambert, the sheepish lion",1952,8 min,"Animation, Family"
on ice,1935,9 min,"Animation, Comedy, Family"
onward,2020,103 min,"Action-Adventure, Animation, Comedy"
out of scale,1951,8 min,"Animation, Family"
penguins: life on the edge,2020,78 min,"Animals & Nature, Documentary, Family"
pluto's party,1952,8 min,"Animation, Family"
sea scouts,1939,8 min,"Animation, Family"
sonny with a chance,2008,2 Seasons,"Comedy, Coming of Age, Romance"
the boy who talked to badgers,1975,90 min,"Action-Adventure, Animals & Nature, Drama"
the new neighbor,1953,7 min,"Animation, Family"
the small one,1978,25 min,"Animation, Family, Historical"
the straight story,1999,112 min,"Biographical, Drama"
frankenweenie,2012,88 min,"Animation, Comedy, Drama"
mars needs moms,2011,91 min,"Action-Adventure, Animation, Family"
prom,2011,105 min,"Comedy, Coming of Age, Drama"
the last song,2010,109 min,"Coming of Age, Drama, Music"
the odd life of timothy green,2012,106 min,"Drama, Family, Fantasy"
be our chef,2020,1 Season,"Family, Game Show / Competition"
a wrinkle in time,2018,112 min,"Action-Adventure, Coming of Age, Family"
disney i didn't do it,2013,2 Seasons,"Comedy, Family"
disney insider,2020,1 Season,"Anthology, Docuseries"
disney vampirina ghoul girls rock! (shorts),2017,2 Seasons,"Animation, Fantasy, Kids"
g-force,2009,92 min,"Action-Adventure, Comedy, Family"
frozen 2,2019,107 min,"Action-Adventure, Animation, Family"
stargirl,2020,107 min,"Coming of Age, Drama, Musical"
the finest hours,2016,119 min,"Action-Adventure, Disaster, Drama"
the sandlot: heading home,2007,97 min,"Comedy, Family, Sports"
bedtime stories,2008,101 min,"Comedy, Family, Fantasy"
marvel studios' black panther,2018,137 min,"Action-Adventure, Science Fiction, Superhero"
101 dalmatian street,2018,1 Season,"Action-Adventure, Animation, Comedy"
disney phineas and ferb: phineas and ferb star wars,2014,53 min,"Action-Adventure, Animation, Musical"
shop class,2020,1 Season,"Family, Game Show / Competition"
viking warrior women,2019,44 min,"Documentary, Historical"
star wars resistance,2018,2 Seasons,"Action-Adventure, Animation, Kids"
lost cities with albert lin,2019,1 Season,"Action-Adventure, Docuseries, Historical"
marvel rising: operation shuri,2019,23 min,"Action-Adventure, Animation, Coming of Age"
marvel rising: playing with fire,2019,45 min,"Action-Adventure, Animation, Coming of Age"
star wars: the clone wars,2008,7 Seasons,"Action-Adventure, Animation, Science Fiction"
marvel's iron man & hulk: heroes united,2013,74 min,"Action-Adventure, Animation, Science Fiction"
because of winn-dixie,2005,107 min,"Comedy, Drama, Family"
fairy tale weddings,2017,2 Seasons,"Docuseries, Family, Lifestyle"
"my dog, the thief",1969,89 min,"Action-Adventure, Comedy, Family"
splash,1984,110 min,"Comedy, Fantasy, Romance"
that's so raven,2002,4 Seasons,"Comedy, Coming of Age, Fantasy"
timmy failure: mistakes were made,2020,103 min,"Buddy, Comedy, Drama"
toy story 4,2019,101 min,"Action-Adventure, Animation, Comedy"
descendants 3,2019,109 min,"Coming of Age, Fantasy, Musical"
around the world in 80 days,2004,121 min,"Action-Adventure, Comedy, Family"
big business,1988,98 min,Comedy
lamp life,2020,11 min,"Animation, Comedy, Family"
the lion king,2019,125 min,"Action-Adventure, Coming of Age, Drama"
diary of a future president,2020,2 Seasons,"Comedy, Coming of Age, Family"
high school musical: the musical: the series: the sing-along,2019,1 Season,"Comedy, Coming of Age, Drama"
america's national parks,2015,1 Season,"Animals & Nature, Docuseries"
continent 7: antarctica,2016,1 Season,"Action-Adventure, Animals & Nature, Docuseries"
disney randy cunningham: 9th grade ninja,2011,2 Seasons,"Action-Adventure, Animation, Comedy"
muppet babies show and tell (shorts),2017,1 Season,"Animation, Kids"
the lodge,2016,2 Seasons,"Coming of Age, Drama, Musical"
wild russia,2018,1 Season,"Animals & Nature, Docuseries"
destino,2003,6 min,"Animation, Family, Romance"
forky asks a question: what is reading?,2020,7 min,"Animation, Comedy, Family"
loop,2020,12 min,"Animation, Family"
marvel's runaways,2017,3 Seasons,"Coming of Age, Drama, Science Fiction"
aladdin (2019),2019,135 min,"Action-Adventure, Family, Fantasy"
forky asks a question: what is cheese?,2020,6 min,"Animation, Comedy, Family"
austin & ally,2011,4 Seasons,"Comedy, Coming of Age, Kids"
billy dilley's super-duper subterranean summer,2016,1 Season,"Animation, Comedy, Fantasy"
cars toon: el materdor,2008,4 min,"Animation, Comedy, Family"
cars toon: moon mater,2010,4 min,"Animation, Comedy, Family"
cars toon: rescue squad mater,2010,3 min,"Animation, Comedy, Family"
cars toon: spinning,2013,2 min,"Animation, Family"
cars toon: time travel mater,2012,7 min,"Animation, Comedy, Family"
cars toon: tokyo mater,2008,8 min,"Animation, Comedy, Family"
cars toon: unidentified flying mater,2010,4 min,"Animation, Comedy, Family"
cars toons: bugged,2013,2 min,"Animation, Family"
cool runnings,1993,99 min,"Biographical, Comedy, Family"
drain alcatraz,2017,47 min,Documentary
drain the bermuda triangle,2014,45 min,Documentary
drain the great lakes,2011,45 min,Documentary
drain the ocean: wwii,2016,44 min,"Documentary, Historical"
drain the sunken pirate city,2017,48 min,"Documentary, Historical"
drain the titanic,2015,45 min,"Documentary, Historical"
first class chefs: family style,2015,1 Season,"Family, Game Show / Competition"
hacksaw,1971,89 min,"Animals & Nature, Family, Sports"
holes,2003,119 min,"Coming of Age, Drama, Family"
marvel 75 years: from pulp to pop!,2014,42 min,"Documentary, Family"
marvel rising: battle of the bands,2019,23 min,"Action-Adventure, Animation, Superhero"
one strange rock,2017,1 Season,"Animals & Nature, Docuseries, Family"
out there with jack randall,2019,1 Season,"Action-Adventure, Animals & Nature, Docuseries"
super rhino,2009,4 min,"Action-Adventure, Animation, Comedy"
the proud family,2001,2 Seasons,"Animation, Comedy, Coming of Age"
the super hero squad,2009,2 Seasons,"Action-Adventure, Animation, Comedy"
year million,2016,1 Season,"Docuseries, Science Fiction"
forky asks a question: what is a pet?,2019,7 min,"Animation, Comedy, Family"
star wars: the last jedi (episode viii),2017,152 min,"Action-Adventure, Science Fiction"
forky asks a question: what is a leader?,2019,6 min,"Animation, Comedy, Family"
george of the jungle 2,2003,89 min,"Action-Adventure, Comedy, Family"
high school musical: the musical: the series: the special,2019,23 min,"Coming of Age, Documentary, Drama"
pick of the litter,2019,1 Season,"Animals & Nature, Docuseries, Family"
togo,2019,117 min,"Action-Adventure, Animals & Nature, Family"
forky asks a question: what is a computer?,2019,6 min,"Animation, Comedy, Family"
wind,2019,9 min,"Animation, Family, Fantasy"
forky asks a question: what is love?,2019,7 min,"Animation, Comedy, Family"
one day at disney (shorts),2019,1 Season,"Anthology, Docuseries, Family"
marvel studios' thor: ragnarok,2017,132 min,"Action-Adventure, Comedy, Fantasy"
disney the lion guard,2015,3 Seasons,"Action-Adventure, Animation, Comedy"
one day at disney,2019,62 min,"Documentary, Family"
disney star vs. the forces of evil,2014,4 Seasons,"Action-Adventure, Animation, Comedy"
expedition amelia,2019,94 min,"Action-Adventure, Documentary, Historical"
glory road,2006,119 min,"Biographical, Drama, Sports"
henry hugglemonster,2012,2 Seasons,"Animation, Fantasy, Kids"
incredible! the story of dr. pol,2015,44 min,"Animals & Nature, Biographical, Documentary"
marvel rising: chasing ghosts,2019,24 min,"Action-Adventure, Animation, Superhero"
marvel rising: heart of iron,2019,46 min,"Action-Adventure, Animation, Coming of Age"
miles from tomorrowland,2014,2 Seasons,"Action-Adventure, Animation, Kids"
sheriff callie's wild west,2011,2 Seasons,"Animation, Kids, Western"
supercar megabuild,2016,2 Seasons,"Buddy, Docuseries, Lifestyle"
the incredible dr. pol: blue ribbon kids,2016,42 min,"Animals & Nature, Documentary, Family"
coco,2017,105 min,"Animation, Family, Fantasy"
coco (in spanish),2017,105 min,"Animation, Family, Fantasy"
forky asks a question: what is time?,2019,6 min,"Animation, Comedy, Family"
the wonderful world of disney presents the little mermaid live!,2019,84 min,"Concert Film, Family, Fantasy"
forky asks a question: what is art?,2019,7 min,"Animation, Comedy, Family"
mickey mouse roadster racers,2017,2 Seasons,"Animation, Kids, Sports"
"happy birthday, mickey!",2019,2 min,"Animation, Comedy, Dance"
forky asks a question: what is a friend?,2019,6 min,"Animation, Comedy, Family"
10 things i hate about you,1999,98 min,"Comedy, Coming of Age, Romance"
101 dalmatians,1961,81 min,"Action-Adventure, Animation, Family"
101 dalmatians ii: patch's london adventure,2003,77 min,"Action-Adventure, Animation"
102 dalmatians,2000,104 min,"Action-Adventure, Animals & Nature, Family"
12 dates of christmas,2011,88 min,"Comedy, Family, Fantasy"
"20,000 leagues under the sea",1954,127 min,"Action-Adventure, Family, Science Fiction"
a bug's life,1998,98 min,"Animation, Comedy, Family"
a goofy movie,1995,81 min,"Action-Adventure, Animation, Comedy"
a kid in king arthur's court,1995,90 min,"Action-Adventure, Comedy, Coming of Age"
a knight for a day,1946,7 min,"Animation, Comedy, Family"
a ring of endless light,2002,88 min,"Coming of Age, Drama, Romance"
aladdin (1992),1992,94 min,"Action-Adventure, Animation, Family"
aladdin and the king of thieves,1996,86 min,"Action-Adventure, Animation, Family"
aladdin: the return of jafar,1994,71 min,"Action-Adventure, Animation, Family"
alice in wonderland,1951,79 min,"Action-Adventure, Animation, Family"
aliens of the deep,2005,100 min,"Action-Adventure, Animals & Nature, Documentary"
alley cats strike!,2000,87 min,"Coming of Age, Drama, Sports"
almost angels,1962,90 min,"Coming of Age, Drama, Family"
america's heart & soul,2004,88 min,"Documentary, Family"
amy,1981,100 min,"Drama, Family"
an extremely goofy movie,2000,81 min,"Animation, Comedy, Family"
andi mack,2016,3 Seasons,"Comedy, Coming of Age, Drama"
annie,1999,91 min,"Drama, Family, Musical"
apollo: missions to the moon,2019,95 min,"Documentary, Family, Historical"
atlantis rising,2017,94 min,"Documentary, Historical"
atlantis: milo's return,2003,83 min,"Action-Adventure, Animation, Family"
atlantis: the lost empire,2001,98 min,"Action-Adventure, Animation, Family"
auntie edna,2018,7 min,"Animation, Comedy, Family"
avatar,2009,162 min,"Action-Adventure, Science Fiction"
babes in the woods,1932,8 min,"Animation, Family, Fantasy"
babes in toyland,1961,106 min,"Family, Fantasy, Musical"
bambi,1942,72 min,"Animation, Drama, Family"
bambi ii,2006,75 min,"Animation, Drama, Kids"
bao,2018,8 min,"Animation, Family, Fantasy"
beach picnic,1939,9 min,"Animation, Comedy, Family"
bearly asleep,1955,7 min,"Animation, Comedy, Family"
beauty and the beast: belle's magical world,1998,71 min,"Animation, Anthology, Fantasy"
beauty and the beast: the enchanted christmas,1997,73 min,"Animation, Family, Fantasy"
beezy bear,1955,7 min,"Animation, Comedy, Family"
before the flood,2016,96 min,Documentary
benji the hunted,1987,89 min,"Action-Adventure, Animals & Nature, Family"
best friends whenever,2015,2 Seasons,"Buddy, Comedy, Coming of Age"
big city greens (shorts),2017,1 Season,"Action-Adventure, Animation, Comedy"
big hero 6,2014,105 min,"Action-Adventure, Animation, Family"
big hero 6 the series (shorts),2017,2 Seasons,"Action-Adventure, Animation, Comedy"
bizarre dinosaurs,2009,46 min,"Animals & Nature, Documentary, Family"
blank check,1994,94 min,"Comedy, Family"
boat builders,1938,8 min,"Animation, Comedy, Family"
bolt,2008,98 min,"Action-Adventure, Animation, Comedy"
bone bandit,1948,7 min,"Animation, Comedy, Family"
bonkers,1993,1 Season,"Animation, Comedy, Kids"
boundin',2004,6 min,"Animation, Family, Kids"
boy meets world,1993,7 Seasons,"Comedy, Coming of Age, Family"
brave,2012,94 min,"Animation, Coming of Age, Family"
brave little toaster to the rescue,1999,75 min,"Action-Adventure, Animation"
breaking2,2017,55 min,"Documentary, Sports"
brink!,1998,90 min,"Coming of Age, Drama, Sports"
brother bear,2003,90 min,"Action-Adventure, Animation, Family"
brother bear 2,2006,78 min,"Action-Adventure, Animation, Family"
buffalo dreams,2005,90 min,"Buddy, Coming of Age, Drama"
bug juice: my adventures at camp,2017,1 Season,"Coming of Age, Docuseries, Family"
burn-e,2008,8 min,"Animation, Comedy, Family"
cadet kelly,2002,100 min,"Comedy, Coming of Age"
camp nowhere,1994,96 min,"Comedy, Coming of Age, Family"
camp rock,2008,96 min,"Coming of Age, Music, Musical"
camp rock 2: the final jam,2010,101 min,"Coming of Age, Music, Musical"
can of worms,1999,84 min,"Comedy, Coming of Age, Science Fiction"
candleshoe,1978,101 min,"Comedy, Coming of Age, Crime"
canine caddy,1941,8 min,"Animation, Comedy, Family"
cars,2006,117 min,"Animation, Comedy, Family"
cars 2,2011,107 min,"Animation, Comedy, Family"
cars 3,2017,103 min,"Animation, Comedy, Family"
cars toon: air mater,2011,5 min,"Animation, Comedy, Family"
cars toon: heavy metal mater,2010,5 min,"Animation, Comedy, Family"
cars toon: hiccups,2013,3 min,"Animation, Comedy, Family"
cars toon: mater private eye,2010,6 min,"Animation, Comedy, Family"
cars toon: mater the greater,2008,5 min,"Animation, Comedy, Family"
cars toon: monster truck mater,2010,6 min,"Animation, Comedy, Family"
cars toon: the radiator springs 500 1/2,2014,6 min,"Animation, Comedy, Family"
casebusters,1986,46 min,"Drama, Family, Mystery"
cheetah,1989,84 min,"Action-Adventure, Animals & Nature, Family"
chef donald,1941,8 min,"Animation, Comedy, Family"
chicken little,2005,84 min,"Animation, Comedy, Disaster"
chip 'n dale's rescue rangers,1989,1 Season,"Action-Adventure, Animation, Comedy"
chip an' dale,1947,7 min,"Animation, Comedy, Family"
cinderella,1950,77 min,"Animation, Family, Fantasy"
cinderella ii: dreams come true,2002,77 min,"Animation, Fantasy, Kids"
cinderella iii: a twist in time,2007,79 min,"Animation, Fantasy, Kids"
clock cleaners,1937,9 min,"Animation, Comedy, Family"
cloud 9,2014,89 min,Sports
college road trip,2008,84 min,"Comedy, Coming of Age, Family"
confessions of a teenage drama queen,2004,91 min,"Comedy, Coming of Age"
coop & cami ask the world (shorts),2018,1 Season,"Comedy, Family, Game Show / Competition"
corn chips,1951,7 min,"Animation, Comedy, Family"
cow belles,2006,91 min,"Comedy, Coming of Age"
crash & bernstein,2012,2 Seasons,"Comedy, Fantasy, Kids"
dadnapped,2009,85 min,"Comedy, Mystery"
darby o'gill and the little people,1959,91 min,"Family, Fantasy, Romance"
darkwing duck,1991,2 Seasons,"Action-Adventure, Animation, Kids"
davy crockett and the river pirates,1956,81 min,"Action-Adventure, Family, Historical"
"davy crockett, king of the wild frontier",1955,93 min,"Action-Adventure, Family, Historical"
day & night,2010,8 min,"Animation, Comedy, Family"
decorating disney: holiday magic,2017,42 min,"Documentary, Family, Reality"
deep blue,2005,91 min,"Animals & Nature, Documentary, Family"
descendants 2,2017,114 min,"Coming of Age, Fantasy, Musical"
diary of a wimpy kid,2010,93 min,"Comedy, Family"
dinosaur,2000,84 min,"Action-Adventure, Animation, Family"
disney adventures in babysitting,2016,95 min,"Action-Adventure, Comedy, Coming of Age"
disney avalon high,2010,91 min,"Coming of Age, Fantasy"
disney bad hair day,2015,93 min,"Buddy, Comedy, Coming of Age"
disney bizaardvark,2015,3 Seasons,"Buddy, Comedy, Family"
disney den brother,2010,90 min,"Comedy, Coming of Age"
disney descendants,2015,114 min,"Coming of Age, Fantasy, Musical"
disney descendants wicked world (shorts),2015,2 Seasons,"Animation, Coming of Age, Fantasy"
disney ducktales (shorts),2016,1 Season,"Action-Adventure, Animation, Comedy"
disney evermoor,2017,1 Season,Series
disney family sundays,2019,1 Season,"Anthology, Family, Lifestyle"
disney fast layne,2018,1 Season,"Action-Adventure, Animation, Comedy"
disney girl vs. monster,2012,90 min,"Action-Adventure, Comedy, Fantasy"
disney gravity falls,2011,2 Seasons,"Action-Adventure, Animation, Comedy"
disney gravity falls (shorts),2012,1 Season,"Animation, Anthology, Comedy"
disney jake and the never land pirates,2010,4 Seasons,"Action-Adventure, Animation, Fantasy"
disney jonas,2008,2 Seasons,"Comedy, Family, Kids"
disney junior music nursery rhymes,2017,2 Seasons,"Animation, Kids, Musical"
disney k.c. undercover,2014,3 Seasons,"Action-Adventure, Comedy, Kids"
disney lab rats: elite force,2015,1 Season,"Action-Adventure, Comedy, Coming of Age"
disney legend of the three caballeros,2017,1 Season,"Action-Adventure, Animation, Comedy"
disney mickey mouse clubhouse,2005,5 Seasons,"Animation, Kids"
disney milo murphy's law,2016,2 Seasons,"Action-Adventure, Animation, Comedy"
disney minnie's bow-toons (shorts),2011,3 Seasons,"Animation, Kids"
disney stuck in the middle,2015,3 Seasons,"Comedy, Coming of Age, Family"
disney take two with phineas and ferb (shorts),2010,1 Season,"Animation, Kids, Parody"
disney tangled: the series - short cuts,2016,1 Season,"Action-Adventure, Animation, Comedy"
disney under the sea: a descendants short story,2018,10 min,"Fantasy, Musical, Thriller"
disney's adventures of the gummi bears,1985,6 Seasons,"Action-Adventure, Animation, Fantasy"
disney's doug,1996,3 Seasons,"Animation, Comedy, Coming of Age"
disney's fairy tale weddings,2017,64 min,"Family, Lifestyle, Reality"
disney's fairy tale weddings: holiday magic,2017,42 min,"Family, Lifestyle, Reality"
disney's hercules: the animated series,1998,1 Season,"Action-Adventure, Animation, Comedy"
disney's kim possible,2001,4 Seasons,"Action-Adventure, Animation, Comedy"
disney's little einsteins,2005,2 Seasons,"Action-Adventure, Animation, Kids"
disney's mighty ducks,1996,1 Season,"Action-Adventure, Animation, Comedy"
disney's recess,1997,3 Seasons,"Animation, Comedy, Kids"
disney's the emperor's new school,2005,2 Seasons,"Animation, Comedy, Coming of Age"
disney's the kid,2000,105 min,"Comedy, Drama, Family"
disney's the little mermaid (series),1992,3 Seasons,"Action-Adventure, Animation, Fantasy"
disneyland around the seasons (walt disney's wonderful world of color: 1961-69),1966,51 min,"Documentary, Family, Variety"
disneynature african cats,2011,90 min,"Animals & Nature, Documentary, Family"
disneynature bears,2014,78 min,"Animals & Nature, Documentary, Family"
disneynature born in china,2017,81 min,"Animals & Nature, Documentary, Family"
disneynature chimpanzee,2012,79 min,"Animals & Nature, Documentary, Family"
disneynature crimson wing,2008,78 min,"Animals & Nature, Documentary, Family"
disneynature monkey kingdom,2015,82 min,"Animals & Nature, Documentary, Family"
disneynature wings of life,2011,81 min,"Animals & Nature, Documentary, Family"
dog whisperer with cesar millan,2004,6 Seasons,"Animals & Nature, Docuseries, Family"
don't look under the bed,1999,93 min,"Coming of Age, Fantasy"
donald's golf game,1938,8 min,"Animation, Comedy, Family"
donald's tire trouble,1943,8 min,"Animation, Comedy, Family"
double teamed,2002,93 min,"Biographical, Sports"
doug's 1st movie,1999,80 min,"Animation, Comedy, Family"
"dr. t, lone star vet",2019,1 Season,"Docuseries, Family, Medical"
ducktales the movie: treasure of the lost lamp,1990,75 min,"Action-Adventure, Animation, Comedy"
dug's special mission,2009,6 min,"Animation, Comedy, Family"
dumbo,2019,117 min,"Action-Adventure, Family, Fantasy"
early to bed,1941,9 min,"Animation, Comedy, Family"
earth live,2017,94 min,"Animals & Nature, Documentary, Family"
easter island unsolved,2018,45 min,"Documentary, Historical"
eddie's million dollar cook-off,2003,86 min,"Comedy, Coming of Age, Sports"
eight below,2006,122 min,"Action-Adventure, Animals & Nature, Drama"
elena of avalor (shorts),2017,2 Seasons,"Action-Adventure, Animation, Fantasy"
emil and the detectives,1964,98 min,"Action-Adventure, Crime, Family"
empire of dreams: the story of the star wars trilogy,2004,151 min,Documentary
encore!,2019,1 Season,"Music, Reality"
escape to witch mountain,1975,98 min,"Action-Adventure, Family, Fantasy"
even stevens,2000,3 Seasons,"Comedy, Coming of Age, Kids"
expedition mars: spirit & opportunity,2019,88 min,Documentary
fantasia,1940,126 min,"Animation, Family, Fantasy"
fantasia 2000,2000,76 min,"Animation, Family, Fantasy"
fantastic four (series),1994,1 Season,"Action-Adventure, Animation, Kids"
fantastic four: world's greatest heroes,2007,1 Season,"Action-Adventure, Animation, Kids"
ferdinand the bull,1938,8 min,"Animation, Comedy, Family"
finding dory,2016,98 min,"Action-Adventure, Animation, Comedy"
finding nemo,2003,103 min,"Action-Adventure, Animation, Comedy"
first kid,1996,102 min,"Buddy, Comedy, Coming of Age"
flight of the navigator,1986,90 min,"Action-Adventure, Science Fiction"
float,2019,10 min,"Animation, Family, Fantasy"
flowers and trees,1932,8 min,"Animation, Family, Kids"
flubber,1997,96 min,"Comedy, Family, Science Fiction"
food for feudin',1950,7 min,"Animation, Comedy, Family"
for the birds,2001,4 min,"Animation, Comedy, Family"
forky asks a question: what is money?,2019,6 min,"Animation, Comedy, Family"
frank and ollie,1995,89 min,"Biographical, Documentary"
frankenweenie (short),1984,27 min,"Drama, Parody, Science Fiction"
freaky friday,2003,98 min,"Comedy, Family, Fantasy"
free solo,2018,101 min,"Action-Adventure, Documentary, Sports"
frenemies,2012,88 min,"Anthology, Comedy, Coming of Age"
frozen,2013,105 min,"Animation, Family, Fantasy"
full-court miracle,2003,95 min,"Coming of Age, Drama, Sports"
fun and fancy free,1947,74 min,"Action-Adventure, Animation, Comedy"
fuzzbucket,1986,46 min,"Buddy, Comedy, Coming of Age"
gargoyles,1994,3 Seasons,"Action-Adventure, Animation, Fantasy"
geek charming,2011,99 min,"Comedy, Coming of Age, Drama"
genius,1999,86 min,"Comedy, Coming of Age"
george & a.j.,2009,4 min,"Animation, Comedy, Family"
geri's game,1997,5 min,"Animation, Family, Kids"
get a clue,2002,84 min,"Drama, Mystery"
giants of the deep blue,2018,45 min,"Animals & Nature, Documentary, Family"
girl meets world,2013,3 Seasons,"Comedy, Coming of Age, Family"
go figure,2005,89 min,"Coming of Age, Sports"
going to the mat,2004,92 min,"Coming of Age, Sports"
good luck charlie,2009,4 Seasons,"Comedy, Coming of Age, Family"
"good luck charlie, it's christmas!",2011,82 min,"Comedy, Coming of Age, Family"
goof troop,1992,1 Season,"Animation, Comedy, Kids"
gotta kick it up,2002,85 min,"Coming of Age, Dance, Drama"
grand canyonscope,1954,7 min,"Animation, Comedy, Family"
grasshopper and the ants,1934,8 min,"Animation, Family, Music"
great migrations,2010,1 Season,"Animals & Nature, Docuseries, Survival"
greyfriars bobby,1961,91 min,"Animals & Nature, Drama, Family"
gus,1976,97 min,"Animals & Nature, Comedy, Family"
halloweentown,1998,84 min,"Action-Adventure, Comedy, Coming of Age"
halloweentown high,2004,83 min,"Action-Adventure, Comedy, Fantasy"
halloweentown ii: kalabar's revenge,2001,81 min,"Action-Adventure, Fantasy"
handy manny,2006,3 Seasons,"Animation, Kids"
hannah montana,2005,4 Seasons,"Comedy, Coming of Age, Kids"
hannah montana and miley cyrus: best of both worlds concert,2008,83 min,"Concert Film, Documentary, Music"
hannah montana the movie,2009,105 min,"Comedy, Coming of Age, Drama"
hatching pete,2009,90 min,"Comedy, Coming of Age"
hawaiian holiday,1937,9 min,"Animation, Comedy, Family"
heavyweights,1995,98 min,"Comedy, Family"
herbie goes bananas,1980,93 min,"Action-Adventure, Comedy, Family"
herbie goes to monte carlo,1977,105 min,"Action-Adventure, Comedy, Family"
herbie rides again,1974,89 min,"Comedy, Family, Romantic Comedy"
hercules,1997,98 min,"Action-Adventure, Animation, Comedy"
high school musical,2006,100 min,"Coming of Age, Musical, Romance"
high school musical 2,2007,114 min,"Coming of Age, Musical"
high school musical 3: senior year,2008,121 min,"Coming of Age, Family, Musical"
high school musical: the musical: the series,2019,2 Seasons,"Comedy, Coming of Age, Drama"
hocus pocus,1993,96 min,"Comedy, Family, Fantasy"
home on the range,2004,82 min,"Animation, Comedy, Family"
"honey, i blew up the kid",1992,90 min,"Comedy, Family, Science Fiction"
"honey, i shrunk the kids",1989,94 min,"Action-Adventure, Comedy, Family"
"honey, we shrunk ourselves",1997,76 min,"Action-Adventure, Comedy, Fantasy"
horse sense,1999,92 min,"Coming of Age, Drama"
hostile planet,2019,1 Season,"Animals & Nature, Docuseries, Survival"
hounded,2001,92 min,"Animals & Nature, Comedy, Coming of Age"
how dogs got their shapes,2016,44 min,"Animals & Nature, Documentary, Family"
how to build a better boy,2014,94 min,"Action-Adventure, Comedy, Science Fiction"
how to fish,1942,7 min,"Animation, Comedy, Family"
how to swim,1942,8 min,"Animation, Family, Parody"
hulk and the agents of s.m.a.s.h.,2012,2 Seasons,"Action-Adventure, Animation, Comedy"
i'll be home for christmas,1998,87 min,"Action-Adventure, Comedy, Coming of Age"
ice age: the great egg-scapade,2016,26 min,"Animation, Comedy, Family"
ice princess,2005,99 min,"Coming of Age, Drama, Romance"
inner workings,2016,6 min,"Animation, Comedy, Family"
inside out,2015,95 min,"Animation, Coming of Age, Family"
inspector gadget,1999,80 min,"Action-Adventure, Comedy, Family"
inspector gadget 2,2003,90 min,"Action-Adventure, Comedy, Family"
into the grand canyon,2019,82 min,"Action-Adventure, Animals & Nature, Documentary"
into the okavango,2018,94 min,"Action-Adventure, Animals & Nature, Documentary"
invincible,2006,105 min,"Biographical, Family, Sports"
invisible sister,2015,79 min,"Comedy, Science Fiction"
iron man (series),1994,1 Season,"Action-Adventure, Animation, Kids"
iron man armored adventures,2008,2 Seasons,"Action-Adventure, Animation, Coming of Age"
iron will,1994,109 min,"Action-Adventure, Coming of Age, Family"
jack,1996,113 min,"Comedy, Coming of Age, Drama"
jack-jack attack,2005,6 min,"Animation, Comedy, Family"
james and the giant peach,1996,81 min,"Action-Adventure, Animation, Family"
jane,2017,90 min,"Animals & Nature, Biographical, Documentary"
jessie,2011,4 Seasons,"Comedy, Coming of Age, Family"
jingle pols,2013,45 min,"Animals & Nature, Documentary, Medical"
johnny kapahala: back on board,2007,93 min,"Coming of Age, Drama, Sports"
johnny tsunami,1999,92 min,"Coming of Age, Drama, Sports"
jonas brothers: the concert experience,2009,89 min,"Concert Film, Documentary, Music"
journey to shark eden,2010,47 min,"Action-Adventure, Animals & Nature, Documentary"
journey to the center of the earth,1959,130 min,"Action-Adventure, Family, Science Fiction"
jump in!,2007,86 min,"Coming of Age, Dance, Sports"
jumping ship,2001,93 min,"Action-Adventure, Coming of Age"
jungle 2 jungle,1997,105 min,"Comedy, Family"
jungle cat,1960,70 min,"Animals & Nature, Documentary, Family"
kazaam,1996,94 min,"Action-Adventure, Comedy, Family"
kickin' it,2010,4 Seasons,"Action-Adventure, Comedy, Coming of Age"
kim possible,2019,88 min,"Action-Adventure, Comedy, Coming of Age"
kim possible movie: so the drama,2005,70 min,"Action-Adventure, Animation, Coming of Age"
kingdom of the apes: battle lines,2017,44 min,"Animals & Nature, Documentary"
kingdom of the blue whale,2009,94 min,"Animals & Nature, Documentary, Family"
kingdom of the white wolf,2019,1 Season,"Action-Adventure, Animals & Nature, Docuseries"
kitbull,2019,9 min,"Animation, Buddy, Comedy"
knick knack theatrical short,2003,4 min,"Animation, Family, Kids"
kronk's new groove,2005,78 min,"Animation, Comedy, Coming of Age"
la luna,2012,7 min,"Animation, Coming of Age, Family"
lab rats,2011,4 Seasons,"Action-Adventure, Comedy, Coming of Age"
lady and the tramp,2019,111 min,"Action-Adventure, Comedy, Family"
lava,2015,9 min,"Animation, Family, Musical"
lego disney frozen: northern lights (shorts),2016,1 Season,"Action-Adventure, Animation, Comedy"
lego star wars: all stars,2018,1 Season,"Action-Adventure, Animation, Comedy"
lego star wars: all stars (shorts),2018,1 Season,"Action-Adventure, Animation, Comedy"
lego star wars: droid tales,2014,1 Season,"Action-Adventure, Animation, Comedy"
lego star wars: resistance rises (shorts),2015,1 Season,"Action-Adventure, Animation, Comedy"
lego star wars: the freemaker adventures,2015,2 Seasons,"Action-Adventure, Animation, Comedy"
lego star wars: the freemaker adventures (shorts),2016,1 Season,"Action-Adventure, Animation, Comedy"
lego star wars: the new yoda chronicles - clash of the skywalkers,2014,24 min,"Action-Adventure, Animation, Comedy"
lego star wars: the new yoda chronicles - raid on coruscant,2014,24 min,"Action-Adventure, Animation, Comedy"
lego star wars:â the new yoda chronicles â duel of the skywalkers,2014,24 min,"Action-Adventure, Animation, Comedy"
lego star wars: the new yoda chronicles â escape from the jedi temple,2014,24 min,"Action-Adventure, Animation, Comedy"
lego star wars: the new yoda chronicles â race for the holocrons,2014,24 min,"Action-Adventure, Animation, Comedy"
lemonade mouth,2011,110 min,"Coming of Age, Drama, Music"
lend a paw,1941,8 min,"Animation, Family, Kids"
leroy & stitch,2006,76 min,"Action-Adventure, Animation, Comedy"
let it shine,2012,103 min,"Coming of Age, Drama, Music"
life is ruff,2005,85 min,"Animals & Nature, Comedy, Coming of Age"
life with mikey,1993,92 min,"Buddy, Comedy, Coming of Age"
life-size 2,2018,82 min,"Comedy, Coming of Age, Fantasy"
lifted,2006,5 min,"Animation, Comedy, Family"
lilo & stitch,2002,86 min,"Action-Adventure, Animation, Family"
lilo & stitch 2: stitch has a glitch,2005,70 min,"Animation, Comedy, Dance"
lizzie mcguire,2000,2 Seasons,"Comedy, Coming of Age, Kids"
lonesome ghosts,1937,9 min,"Animation, Family, Kids"
lost treasures of the maya,2018,1 Season,"Docuseries, Historical"
lou,2017,7 min,"Action-Adventure, Animation, Comedy"
luck of the irish,2001,86 min,"Comedy, Coming of Age, Fantasy"
luxo jr.,1986,2 min,"Animation, Comedy, Family"
magician mickey,1937,8 min,"Animation, Comedy, Family"
mail dog,1947,7 min,"Animation, Comedy, Family"
man among cheetahs,2017,44 min,"Animals & Nature, Documentary, Family"
mars: inside spacex,2018,47 min,Documentary
marvel comics x-men,1992,5 Seasons,"Action-Adventure, Animation, Fantasy"
marvel rising: initiation (shorts),2017,1 Season,"Action-Adventure, Animation, Kids"
marvel rising: secret warriors,2018,80 min,"Action-Adventure, Animation, Coming of Age"
marvel studios: assembling a universe,2014,43 min,"Action-Adventure, Documentary, Superhero"
marvel studios: expanding the universe,2019,13 min,"Documentary, Family"
marvel studios' ant-man,2015,119 min,"Action-Adventure, Comedy, Science Fiction"
marvel studios' avengers: age of ultron,2015,143 min,"Action-Adventure, Science Fiction, Superhero"
marvel studios' avengers: endgame,2019,183 min,"Action-Adventure, Fantasy, Science Fiction"
marvel studios' captain america: civil war,2016,150 min,"Action-Adventure, Science Fiction, Superhero"
marvel studios' captain america: the first avenger,2011,126 min,"Action-Adventure, Science Fiction, Superhero"
marvel studios' captain america: the winter soldier,2014,138 min,"Action-Adventure, Science Fiction, Superhero"
marvel studios' captain marvel,2019,126 min,"Action-Adventure, Science Fiction, Superhero"
marvel studios' doctor strange,2016,116 min,"Action-Adventure, Fantasy, Superhero"
marvel studios' guardians of the galaxy,2014,122 min,"Action-Adventure, Comedy, Science Fiction"
marvel studios' guardians of the galaxy vol. 2,2017,137 min,"Action-Adventure, Comedy, Science Fiction"
marvel studios' iron man,2008,127 min,"Action-Adventure, Science Fiction, Superhero"
marvel studios' iron man 2,2010,125 min,"Action-Adventure, Science Fiction, Superhero"
marvel studios' iron man 3,2013,132 min,"Action-Adventure, Science Fiction, Superhero"
marvel studios' the avengers,2012,145 min,"Action-Adventure, Fantasy, Science Fiction"
marvel studios' thor,2011,116 min,"Action-Adventure, Fantasy, Superhero"
marvel studios' thor: the dark world,2013,114 min,"Action-Adventure, Fantasy, Science Fiction"
marvel ultimate spider-man,2011,4 Seasons,"Action-Adventure, Animation, Fantasy"
marvel's agent carter,2014,2 Seasons,"Action-Adventure, Science Fiction, Spy/Espionage"
marvel's ant-man (shorts),2016,1 Season,"Action-Adventure, Animation, Comedy"
marvel's avengers assemble,2012,5 Seasons,"Action-Adventure, Animation, Kids"
marvel's avengers: secret wars (shorts),2016,1 Season,"Action-Adventure, Animation, Kids"
marvel's guardians of the galaxy (series),2015,3 Seasons,"Action-Adventure, Animation, Kids"
marvel's guardians of the galaxy (shorts),2014,2 Seasons,"Action-Adventure, Animation, Kids"
marvel's hero project,2019,1 Season,"Docuseries, Family"
marvel's inhumans,2017,1 Season,"Action-Adventure, Science Fiction, Superhero"
marvel's rocket & groot (shorts),2016,1 Season,"Action-Adventure, Animation, Buddy"
marvel's ultimate comics,2016,1 Season,"Action-Adventure, Animation, Comedy"
mary poppins,1964,142 min,"Family, Fantasy, Musical"
mater and the ghostlight,2006,8 min,"Animation, Comedy, Family"
meet the deedles,1998,94 min,"Buddy, Comedy"
meet the robinsons,2007,97 min,"Action-Adventure, Animation, Family"
melody time,1948,76 min,"Animation, Anthology, Family"
mickey down under,1948,7 min,"Animation, Comedy, Family"
mickey mouse (shorts),2012,5 Seasons,"Animation, Kids"
mickey mouse club (1955-59),1955,1 Season,"Family, Variety"
"mickey, donald, goofy: the three musketeers",2004,71 min,"Action-Adventure, Animation, Family"
mickey's birthday party,1942,9 min,"Animation, Comedy, Family"
mickey's christmas carol,1983,26 min,"Animation, Comedy, Family"
mickey's delayed date,1947,7 min,"Animation, Comedy, Family"
mickey's once upon a christmas,1999,67 min,"Animation, Anthology, Comedy"
mickey's rival,1936,9 min,"Animation, Comedy, Family"
mickey's trailer,1938,8 min,"Animation, Comedy, Family"
mickey's twice upon a christmas,2004,70 min,"Animation, Anthology, Comedy"
mighty joe young,1998,116 min,"Action-Adventure, Animals & Nature, Family"
mike's new car,2002,5 min,"Animation, Buddy, Comedy"
minutemen,2008,91 min,"Action-Adventure, Comedy, Science Fiction"
miracle,2004,137 min,"Drama, Historical, Sports"
miracle at midnight,1998,89 min,"Drama, Historical"
miracle in lane 2,2000,90 min,"Biographical, Drama, Sports"
miracle landing on the hudson,2014,44 min,"Action-Adventure, Documentary"
mission to the sun,2018,44 min,Documentary
moana,2016,108 min,"Action-Adventure, Animation, Family"
mom's got a date with a vampire,2000,83 min,"Comedy, Fantasy"
monsters university,2013,104 min,"Animation, Buddy, Comedy"
"monsters, inc.",2001,93 min,"Animation, Buddy, Comedy"
motocrossed,2001,92 min,"Drama, Sports"
mr. boogedy,1986,46 min,"Comedy, Fantasy"
mr. duck steps out,1940,9 min,"Animation, Comedy, Family"
mr. mouse takes a trip,1940,8 min,"Animation, Comedy, Family"
mulan ii,2005,82 min,"Action-Adventure, Animation, Family"
muppet moments (shorts),2014,1 Season,"Anthology, Comedy, Kids"
muppet treasure island,1996,101 min,"Action-Adventure, Comedy, Family"
muppets most wanted,2014,111 min,"Action-Adventure, Comedy, Family"
my favorite martian,1999,94 min,"Comedy, Science Fiction"
my friends tigger & pooh,2006,2 Seasons,"Animation, Kids"
national treasure: book of secrets,2007,125 min,"Action-Adventure, Mystery, Thriller"
newsies,1992,122 min,"Coming of Age, Drama, Family"
newsies: the broadway musical,2017,134 min,"Coming of Age, Drama, Family"
noelle,2019,105 min,"Comedy, Family, Fantasy"
now you see it,2005,89 min,"Coming of Age, Fantasy"
olaf's frozen adventure,2017,25 min,"Animation, Comedy, Family"
old yeller,1957,84 min,"Animals & Nature, Drama, Family"
oliver & company,1988,76 min,"Action-Adventure, Animation, Musical"
once upon a mattress,2005,88 min,"Comedy, Family, Fantasy"
one magic christmas,1985,89 min,"Drama, Fantasy"
one man band,2006,5 min,"Animation, Comedy, Family"
operation dumbo drop,1995,109 min,"Action-Adventure, Animals & Nature, Comedy"
origins: the journey of humankind,2016,1 Season,"Docuseries, Historical"
out of the box,1998,3 Seasons,Kids
paris to pittsburgh,2018,77 min,Documentary
partly cloudy,2009,6 min,"Animation, Comedy, Family"
party central,2014,7 min,"Animation, Comedy, Family"
perri,1957,75 min,"Animals & Nature, Documentary, Family"
pete's dragon,2016,106 min,"Action-Adventure, Family, Fantasy"
peter pan,1953,79 min,"Action-Adventure, Animation, Family"
peter pan: return to never land,2002,77 min,"Action-Adventure, Animation, Family"
phantom of the megaplex,2000,89 min,"Comedy, Coming of Age"
phil of the future,2003,2 Seasons,"Comedy, Coming of Age, Kids"
phineas and ferb,2007,4 Seasons,"Action-Adventure, Animation, Comedy"
phineas and ferb the movie: across the 2nd dimension,2011,79 min,"Action-Adventure, Animation, Comedy"
phineas and ferb: mission marvel,2013,46 min,"Action-Adventure, Animation, Comedy"
piglet's big movie,2003,78 min,"Action-Adventure, Animation, Kids"
pinocchio,1940,90 min,"Animation, Family, Fantasy"
piper,2016,6 min,"Animals & Nature, Animation, Family"
pirates of the caribbean: at world's end,2007,169 min,"Action-Adventure, Fantasy"
pirates of the caribbean: dead man's chest,2006,152 min,"Action-Adventure, Fantasy"
pirates of the caribbean: the curse of the black pearl,2003,144 min,"Action-Adventure, Fantasy"
pixar in real life,2019,1 Season,"Anthology, Comedy, Family"
pixel perfect,2004,90 min,"Comedy, Coming of Age, Music"
planet of the birds,2018,45 min,"Animals & Nature, Documentary, Family"
pluto and the gopher,1950,7 min,"Animation, Comedy, Family"
pluto's christmas tree,1952,7 min,"Animation, Family, Kids"
pluto's surprise package,1949,7 min,"Animation, Comedy, Family"
pluto's sweater,1949,7 min,"Animation, Comedy, Family"
pocahontas,1995,85 min,"Action-Adventure, Animation, Family"
pocahontas ii: journey to a new world,1998,77 min,"Action-Adventure, Animation, Family"
pollyanna,1960,135 min,"Coming of Age, Drama, Family"
pooh's grand adventure: the search for christopher robin,1997,78 min,"Action-Adventure, Animation, Kids"
pooh's heffalump movie,2005,73 min,"Action-Adventure, Animation, Kids"
presto,2008,5 min,"Animation, Family, Kids"
princess protection program,2009,90 min,"Buddy, Comedy, Coming of Age"
purl,2019,12 min,"Animation, Comedy, Family"
quack pack,1996,1 Season,"Action-Adventure, Animation, Comedy"
queen of katwe,2016,125 min,"Biographical, Drama, Sports"
quints,2000,83 min,"Comedy, Coming of Age"
ratatouille,2007,111 min,"Animation, Comedy, Family"
read it and weep,2006,85 min,"Comedy, Coming of Age, Drama"
ready to run,2000,89 min,"Animals & Nature, Coming of Age, Family"
recess: all growed down,2003,61 min,"Animation, Comedy, Family"
recess: school's out,2001,87 min,"Animation, Comedy, Family"
recess: taking the 5th grade,2003,63 min,"Animation, Comedy, Family"
red's dream,1987,4 min,"Animation, Drama, Family"
remember the titans,2000,114 min,"Drama, Historical, Sports"
rescue dog,1947,7 min,"Animation, Comedy, Family"
return from witch mountain,1978,94 min,"Action-Adventure, Family, Science Fiction"
return to halloweentown,2006,89 min,"Family, Fantasy"
return to oz,1985,110 min,"Action-Adventure, Family, Fantasy"
richie rich's christmas wish,1998,85 min,"Action-Adventure, Comedy, Family"
right on track,2003,88 min,"Buddy, Family, Sports"
rileyâs first date?,2015,8 min,"Animation, Comedy, Coming of Age"
rip girls,2000,87 min,"Coming of Age, Drama"
robin hood,1973,85 min,"Action-Adventure, Animation, Family"
rocky mountain animal rescue,2018,1 Season,"Animals & Nature, Docuseries, Family"
rogue one: a star wars story,2016,134 min,"Action-Adventure, Science Fiction"
roving mars,2006,41 min,"Documentary, Family"
ruby bridges,1998,90 min,"Biographical, Drama, Historical"
sacred planet,2004,47 min,"Animals & Nature, Documentary, Family"
saludos amigos,1943,42 min,"Animation, Comedy, Family"
"sammy, the way-out seal",1962,43 min,"Animals & Nature, Comedy, Family"
sanjay's super team,2015,7 min,"Action-Adventure, Animation, Family"
santa paws 2: the santa pups,2012,92 min,"Fantasy, Musical"
santa's workshop,1932,7 min,"Animation, Family, Fantasy"
saving mr. banks,2013,129 min,"Biographical, Drama, Historical"
science fair,2018,91 min,"Documentary, Family"
sea of hope: america's underwater treasures,2017,47 min,"Action-Adventure, Animals & Nature, Documentary"
secret of the wings,2012,79 min,"Animation, Fantasy, Kids"
secretariat,2010,124 min,"Animals & Nature, Biographical, Drama"
secrets of christ's tomb: explorer special,2017,47 min,"Documentary, Historical"
secrets of life,1956,70 min,"Animals & Nature, Documentary, Family"
secrets of the king cobra,2012,47 min,"Animals & Nature, Documentary"
shake it up,2010,3 Seasons,"Buddy, Comedy, Coming of Age"
sharks of lost island,2013,45 min,"Action-Adventure, Animals & Nature, Documentary"
sharpay's fabulous adventure,2011,92 min,"Comedy, Coming of Age, Music"
shipwrecked,1991,93 min,"Action-Adventure, Coming of Age, Family"
silver surfer,1997,1 Season,"Action-Adventure, Animation, Kids"
simpsons movie,2007,88 min,"Action-Adventure, Animation, Comedy"
sister act,1992,101 min,"Comedy, Crime, Family"
sister act 2: back in the habit,1993,108 min,"Comedy, Family, Music"
skyrunners,2009,93 min,"Action-Adventure, Science Fiction"
sleeping beauty,1959,77 min,"Animation, Family, Fantasy"
smart house,1999,82 min,"Comedy, Coming of Age, Drama"
smash and grab,2019,8 min,"Animation, Buddy, Family"
snow white and the seven dwarfs,1937,84 min,"Animation, Family, Fantasy"
snowball express,1972,94 min,"Comedy, Family, Sports"
snowglobe,2007,90 min,"Comedy, Family, Fantasy"
so weird,1999,3 Seasons,"Fantasy, Kids, Mystery"
society dog show,1939,9 min,"Animation, Comedy, Family"
spider-man (shorts),2016,1 Season,"Action-Adventure, Animation, Kids"
spider-man and his amazing friends,1982,1 Season,"Action-Adventure, Animation, Kids"
spider-man unlimited,1999,1 Season,"Action-Adventure, Animation, Kids"
spider-woman,1979,1 Season,"Action-Adventure, Animation, Kids"
star wars forces of destiny (shorts),2016,2 Seasons,"Action-Adventure, Animation, Anthology"
star wars rebels,2014,4 Seasons,"Action-Adventure, Animation, Kids"
star wars rebels (shorts),2014,1 Season,"Action-Adventure, Animation, Kids"
star wars: a new hope (episode iv),1977,125 min,"Action-Adventure, Science Fiction"
star wars: attack of the clones (episode ii),2002,143 min,"Action-Adventure, Science Fiction"
star wars: blips,2019,1 Season,Series
star wars: return of the jedi (episode vi),1983,135 min,"Action-Adventure, Science Fiction"
star wars: revenge of the sith (episode iii),2005,140 min,"Action-Adventure, Science Fiction"
star wars: the empire strikes back (episode v),1980,127 min,"Action-Adventure, Science Fiction"
star wars: the force awakens (episode vii),2015,139 min,"Action-Adventure, Science Fiction"
star wars: the phantom menace (episode i),1999,136 min,"Action-Adventure, Science Fiction"
starstruck,2010,81 min,"Comedy, Coming of Age, Music"
steamboat willie,1928,8 min,"Animation, Family, Kids"
stepsister from planet weird,2000,86 min,"Comedy, Family, Science Fiction"
stitch! the movie,2003,62 min,"Animation, Comedy, Family"
stonehenge decoded: secrets revealed,2008,44 min,Documentary
stuck in the suburbs,2004,79 min,"Comedy, Coming of Age, Music"
sultan and the rock star,1980,47 min,"Action-Adventure, Animals & Nature, Family"
super buddies,2013,83 min,"Action-Adventure, Comedy, Family"
swiss family robinson,1940,94 min,"Action-Adventure, Family, Survival"
talespin,1990,1 Season,"Action-Adventure, Animation, Kids"
tall tale,1995,97 min,"Action-Adventure, Western"
tangled,2010,101 min,"Action-Adventure, Animation, Family"
tangled before ever after,2017,58 min,"Animation, Coming of Age, Fantasy"
tarzan & jane,2002,78 min,"Action-Adventure, Animation"
teacher's pet,2004,75 min,"Animation, Comedy, Family"
teen beach 2,2015,106 min,"Fantasy, Musical"
teen beach movie,2013,97 min,"Coming of Age, Fantasy, Musical"
teen spirit,2011,82 min,"Buddy, Comedy, Coming of Age"
that darn cat,1997,90 min,"Animals & Nature, Comedy, Family"
that darn cat!,1965,116 min,"Animals & Nature, Comedy, Family"
the absent-minded professor,1961,96 min,"Comedy, Family, Science Fiction"
the adventures of andrã© & wally b.,1984,2 min,"Animation, Kids"
the adventures of bullwhip griffin,1967,111 min,"Action-Adventure, Comedy, Family"
the adventures of huck finn,1993,108 min,"Action-Adventure, Coming of Age, Drama"
the adventures of ichabod and mr. toad,1949,69 min,"Action-Adventure, Animation, Anthology"
the adventures of spin and marty,1955,1 Season,"Buddy, Coming of Age, Family"
the african lion,1955,72 min,"Animals & Nature, Documentary, Family"
the apple dumpling gang,1975,100 min,"Comedy, Family, Western"
the apple dumpling gang rides again,1979,89 min,"Comedy, Family, Western"
the aristocats,1970,81 min,"Action-Adventure, Animation, Comedy"
the art of skiing,1941,8 min,"Animation, Comedy, Family"
the avengers: earth's mightiest heroes,2010,2 Seasons,"Action-Adventure, Animation, Kids"
the avengers: united they stand,1999,1 Season,"Action-Adventure, Animation, Kids"
the band concert,1935,10 min,"Animation, Family, Kids"
the bears and i,1974,83 min,"Animals & Nature, Drama, Family"
the big bad wolf,1934,9 min,"Animation, Family, Musical"
the biscuit eater,1972,93 min,"Animals & Nature, Drama, Family"
the black cauldron,1985,82 min,"Action-Adventure, Animation, Coming of Age"
the black hole,1979,98 min,"Action-Adventure, Science Fiction, Thriller"
the blue umbrella,2013,7 min,"Animation, Family, Kids"
the book of once upon a time,2014,4 Seasons,"Animation, Anthology, Kids"
the book of pooh,2000,2 Seasons,"Comedy, Kids"
the brave little toaster goes to mars,1998,73 min,"Action-Adventure, Animation, Kids"
the castaway cowboy,1974,91 min,"Action-Adventure, Family, Western"
the cheetah girls,2003,94 min,"Coming of Age, Drama, Music"
the cheetah girls 2,2006,98 min,"Coming of Age, Drama, Music"
the cheetah girls: one world,2008,85 min,"Comedy, Coming of Age, Music"
the christmas star,1986,94 min,"Crime, Drama, Family"
the chronicles of narnia: prince caspian,2008,154 min,"Action-Adventure, Family, Fantasy"
"the chronicles of narnia: the lion, the witch and the wardrobe",2005,147 min,"Action-Adventure, Family, Fantasy"
the color of friendship,2000,83 min,"Biographical, Drama"
the computer wore tennis shoes,1969,90 min,"Comedy, Crime, Science Fiction"
the country bears,2002,91 min,"Comedy, Music"
the emperor's new groove,2000,82 min,"Action-Adventure, Animation, Family"
the even stevens movie,2003,94 min,"Action-Adventure, Comedy"
the flood,2018,93 min,"Animals & Nature, Documentary"
the fox and the hound,1981,85 min,"Action-Adventure, Animation, Buddy"
the fox and the hound 2,2006,73 min,"Action-Adventure, Animation, Buddy"
the game plan,2007,112 min,"Comedy, Family, Sports"
the ghosts of buxley hall,1980,93 min,"Comedy, Family, Fantasy"
the goddess of spring,1934,10 min,"Animation, Family, Fantasy"
the golden touch,1935,11 min,"Animation, Family, Fantasy"
the good dinosaur,2015,94 min,"Action-Adventure, Animation, Buddy"
the great muppet caper,1981,98 min,"Comedy, Crime, Family"
the greatest game ever played,2005,122 min,"Biographical, Sports"
the haunted mansion,2003,89 min,"Comedy, Family, Fantasy"
the hockey champ,1939,9 min,"Animation, Comedy, Family"
the hunchback of notre dame,1996,96 min,"Action-Adventure, Animation, Family"
the hunchback of notre dame ii,2002,69 min,"Action-Adventure, Animation, Family"
the imagineering story,2019,1 Season,"Docuseries, Historical"
the incredible journey,1963,80 min,"Action-Adventure, Animals & Nature, Family"
the incredibles,2004,116 min,"Action-Adventure, Animation, Family"
the journey of natty gann,1985,101 min,"Action-Adventure, Coming of Age, Drama"
the jungle book 2,2003,77 min,"Action-Adventure, Animation, Kids"
the jungle book: mowgli's story,1998,77 min,"Action-Adventure, Coming of Age, Family"
the legend of mor'du,2012,8 min,"Animation, Family, Fantasy"
the lion king 1 1/2,2004,80 min,"Action-Adventure, Animation, Comedy"
the lion king 2: simba's pride,1998,84 min,"Action-Adventure, Animation, Family"
the little mermaid,1989,86 min,"Animation, Family, Fantasy"
the little mermaid ii:  return to the sea,2000,77 min,"Animation, Drama, Fantasy"
the little mermaid:  ariel's beginning,2008,79 min,"Animation, Drama, Family"
the little whirlwind,1941,9 min,"Animation, Family, Kids"
the living desert,1953,69 min,"Animals & Nature, Documentary, Family"
the lizzie mcguire movie,2003,95 min,"Comedy, Coming of Age, Family"
the lost tomb of alexander the great,2019,44 min,"Documentary, Historical"
the love bug (1969),1969,108 min,"Action-Adventure, Comedy, Family"
the many adventures of winnie the pooh,1977,75 min,"Animation, Kids, Musical"
the million dollar duck,1971,93 min,"Comedy, Family"
the mistle-tones,2012,87 min,"Drama, Music"
the muppet christmas carol,1992,87 min,"Comedy, Drama, Family"
the muppet movie,1979,95 min,"Action-Adventure, Comedy, Family"
the muppets,2011,108 min,"Comedy, Family, Kids"
the muppets (series),2015,1 Season,Comedy
the new adventures of winnie the pooh,1988,4 Seasons,"Animation, Kids"
the old mill,1937,9 min,"Action-Adventure, Animation, Family"
the olympic champ,1942,7 min,"Animation, Comedy, Family"
the parent trap,1998,129 min,"Comedy, Family, Romance"
the parent trap (1961),1961,129 min,"Comedy, Family, Romance"
the pied piper,1933,8 min,"Animation, Family, Musical"
the plausible impossible (disneyland: 1954-58),1956,52 min,"Documentary, Family"
the poof point,2001,80 min,"Comedy, Coming of Age, Science Fiction"
the prince and the pauper,1962,94 min,"Action-Adventure, Coming of Age, Family"
the princess and the frog,2009,99 min,"Animation, Comedy, Family"
the princess diaries,2001,116 min,"Comedy, Coming of Age, Family"
the princess diaries 2: royal engagement,2004,114 min,"Comedy, Family, Romance"
the proud family movie,2005,95 min,"Animation, Comedy, Family"
the reluctant dragon,1941,74 min,"Animation, Comedy, Family"
the replacements,2006,1 Season,"Animation, Comedy, Family"
the rescuers,1977,78 min,"Action-Adventure, Animation, Comedy"
the rescuers down under,1990,78 min,"Action-Adventure, Animation, Family"
the rookie,2002,129 min,"Biographical, Family, Sports"
the santa clause,1994,98 min,"Comedy, Family, Fantasy"
the santa clause 2,2002,106 min,"Comedy, Family, Fantasy"
the santa clause 3: the escape clause,2006,94 min,"Comedy, Family, Fantasy"
the scream team,2002,88 min,"Comedy, Fantasy"
the secret of the magic gourd,2009,84 min,Fantasy
the shaggy d.a.,1976,92 min,"Comedy, Family, Fantasy"
the shaggy dog,1959,102 min,"Comedy, Family, Fantasy"
the sign of zorro,1960,90 min,"Action-Adventure, Drama, Family"
the simple things,1953,8 min,"Animation, Comedy, Family"
the sound of music,1965,175 min,"Biographical, Family, Historical"
the story of robin hood and his merrie men,1952,84 min,"Action-Adventure, Family"
the strongest man in the world,1975,92 min,"Comedy, Family, Science Fiction"
the suite life movie,2011,81 min,"Comedy, Coming of Age"
the suite life of zack & cody,2004,3 Seasons,"Action-Adventure, Comedy, Coming of Age"
the suite life on deck,2008,3 Seasons,"Action-Adventure, Comedy, Coming of Age"
the swap,2016,91 min,"Comedy, Coming of Age, Fantasy"
the thirteenth year,1999,89 min,"Coming of Age, Fantasy"
the three caballeros,1945,72 min,"Animation, Family, Musical"
the three musketeers,1993,106 min,"Action-Adventure, Comedy, Family"
the tigger movie,2000,81 min,"Action-Adventure, Animation, Kids"
the tortoise and the hare,1935,9 min,"Animation, Family, Sports"
the ugly dachshund,1966,93 min,"Animals & Nature, Comedy, Family"
the ugly duckling,1939,9 min,"Animation, Family"
the ultimate christmas present,2000,81 min,"Comedy, Coming of Age, Fantasy"
the vanishing prairie,1954,71 min,"Animals & Nature, Documentary, Family"
the wild,2006,86 min,"Action-Adventure, Animation, Comedy"
the wise little hen,1934,8 min,"Animation, Family, Kids"
the wizards return: alex vs. alex,2013,59 min,"Comedy, Coming of Age, Fantasy"
the world according to jeff goldblum,2019,2 Seasons,Docuseries
the young black stallion,2003,51 min,"Action-Adventure, Animals & Nature, Drama"
three blind mouseketeers,1936,9 min,"Animation, Family, Parody"
three days,2001,93 min,"Drama, Fantasy"
three little pigs,1933,9 min,"Animation, Family, Kids"
three little wolves,1936,9 min,"Animation, Family"
three men and a baby,1987,103 min,"Buddy, Comedy"
three men and a little lady,1990,104 min,"Buddy, Comedy, Romance"
thru the mirror,1936,10 min,"Animation, Comedy, Family"
tiger cruise,2004,88 min,"Drama, Family"
tim burtonâs the nightmare before christmas,1993,78 min,"Animation, Family, Fantasy"
timon & pumbaa,1995,3 Seasons,"Animation, Buddy, Comedy"
tin toy,1988,5 min,"Animation, Family, Kids"
tinker bell,2008,81 min,"Action-Adventure, Animation, Fantasy"
tinker bell and the great fairy rescue,2010,80 min,"Action-Adventure, Animation, Fantasy"
tinker bell and the lost treasure,2009,84 min,"Action-Adventure, Animation, Fantasy"
titanic: 20 years later with james cameron,2017,47 min,"Documentary, Historical"
toby tortoise returns,1936,8 min,"Animation, Family, Sports"
tom and huck,1995,92 min,"Action-Adventure, Comedy, Coming of Age"
toy story,1995,83 min,"Action-Adventure, Animation, Buddy"
toy story 2,1999,93 min,"Action-Adventure, Animation, Comedy"
toy story 3,2010,103 min,"Animation, Comedy, Drama"
toy story toons: hawaiian vacation,2011,6 min,"Animation, Comedy, Family"
toy story toons: partysaurus rex,2012,9 min,"Animation, Comedy, Family"
toy story toons: small fry,2011,10 min,"Animation, Family, Kids"
trail of the panda,2009,89 min,"Action-Adventure, Animals & Nature, Family"
trailer horn,1950,7 min,"Animation, Comedy, Family"
treasure island,1950,96 min,"Action-Adventure, Family"
treasure of matecumbe,1976,116 min,"Action-Adventure, Family, Mystery"
treasure planet,2002,98 min,"Action-Adventure, Animation, Family"
tree climbing lions,2018,45 min,"Animals & Nature, Documentary, Family"
tron,1982,96 min,"Action-Adventure, Family, Science Fiction"
tru confessions,2002,83 min,"Coming of Age, Drama"
tuck everlasting,2002,91 min,"Coming of Age, Drama, Fantasy"
tugboat mickey,1940,8 min,"Animation, Comedy, Family"
twas the night,2001,87 min,"Comedy, Crime, Fantasy"
twitches,2005,87 min,"Comedy, Fantasy"
twitches too,2007,84 min,"Comedy, Fantasy"
unidentified flying oddball,1979,93 min,"Action-Adventure, Comedy, Family"
up,2009,96 min,"Action-Adventure, Animation, Buddy"
"up, up and away",2000,78 min,"Comedy, Coming of Age, Fantasy"
valiant,2005,76 min,"Action-Adventure, Animation, Comedy"
waking sleeping beauty,2010,87 min,Documentary
wall-e,2008,99 min,"Action-Adventure, Animation, Family"
wendy wu: homecoming warrior,2006,91 min,"Action-Adventure, Coming of Age, Fantasy"
whispers: an elephant's tale,2000,73 min,"Action-Adventure, Animals & Nature, Family"
white fang,1991,109 min,"Action-Adventure, Animals & Nature, Drama"
who framed roger rabbit,1988,104 min,"Action-Adventure, Animation, Comedy"
wild yellowstone,2015,1 Season,"Animals & Nature, Docuseries, Travel"
winged seduction: birds of paradise,2012,45 min,"Action-Adventure, Animals & Nature, Documentary"
winnie the pooh,2011,68 min,"Animation, Comedy, Family"
winnie the pooh: a very merry pooh year,2002,67 min,"Animation, Kids"
winnie the pooh: springtime with roo,2004,70 min,"Animation, Kids, Musical"
winter storage,1949,7 min,"Animation, Comedy, Family"
wizards of waverly place,2007,4 Seasons,"Comedy, Coming of Age, Fantasy"
wizards of waverly place: the movie,2009,94 min,"Action-Adventure, Comedy, Coming of Age"
wolverine and the x-men,2008,1 Season,"Action-Adventure, Animation, Kids"
world's greatest dogs,2015,44 min,"Animals & Nature, Documentary, Family"
wreck-it ralph,2012,103 min,"Action-Adventure, Animation, Comedy"
x-men: evolution,2000,4 Seasons,"Action-Adventure, Animation, Kids"
ye olden days,1933,9 min,"Animation, Comedy, Family"
yellowstone cubs,1963,48 min,"Animals & Nature, Comedy, Family"
you lucky dog,1998,88 min,"Comedy, Fantasy"
you wish!,2003,88 min,"Coming of Age, Drama, Fantasy"
your friend the rat,2007,13 min,"Animation, Comedy, Family"
z-o-m-b-i-e-s,2018,97 min,"Coming of Age, Musical, Science Fiction"
zapped,2014,95 min,"Comedy, Coming of Age, Science Fiction"
zenon: girl of the 21st century,1999,97 min,"Comedy, Coming of Age, Science Fiction"
zenon: the zequel,2001,89 min,"Comedy, Science Fiction"
zenon: z3,2004,81 min,"Comedy, Coming of Age, Science Fiction"
zootopia,2016,109 min,"Animation, Comedy, Family"
bedknobs and broomsticks,1971,118 min,"Comedy, Family, Fantasy"
blackbeard's ghost,1968,107 min,"Comedy, Family, Fantasy"
brave little tailor,1938,9 min,"Action-Adventure, Animation, Comedy"
justin morgan had a horse,1972,88 min,"Animals & Nature, Biographical, Drama"
lady and the tramp ii: scamp's adventure,2001,73 min,"Action-Adventure, Animation, Coming of Age"
smart guy,1996,3 Seasons,"Comedy, Coming of Age, Kids"
the cat from outer space,1978,104 min,"Comedy, Family, Science Fiction"
the great mouse detective,1986,75 min,"Animation, Family, Mystery"
the sword in the stone,1963,80 min,"Action-Adventure, Animation, Comedy"
those calloways,1965,132 min,"Animals & Nature, Drama, Family"
disney kirby buckets,2014,3 Seasons,"Action-Adventure, Comedy, Coming of Age"
disney mech-x4,2016,2 Seasons,"Action-Adventure, Comedy, Science Fiction"
imagination movers,2008,3 Seasons,"Kids, Music"
tomorrowland,2015,131 min,"Action-Adventure, Science Fiction"
aquamarine,2006,104 min,"Comedy, Coming of Age, Fantasy"
ice age: dawn of the dinosaurs,2009,97 min,"Animation, Comedy, Family"
x-men origins: wolverine,2009,108 min,"Action-Adventure, Family, Science Fiction"
night at the museum: battle of the smithsonian,2009,106 min,"Action-Adventure, Comedy, Family"
eddie the eagle,2016,107 min,"Biographical, Comedy, Drama"
bend it like beckham,2003,112 min,"Buddy, Comedy, Coming of Age"
captain sparky vs. the flying saucers,2012,2 min,"Action-Adventure, Animals & Nature, Animation"
